content,tags,date,like,place
"협찬제주애월맛집 ""랍스터빈""주소 : 제주시 애월읍 애월해안로 752전화 : 064-743-1979영업 : 오전11시~밤10시 연중무휴포장ㆍ배달 환영💘 랍스터빈#애월맛집 #애월카페 #애월읍맛집 #제주애월맛집 #제주도맛집 #제주맛집 #제주도카페 #제주카페 #외도맛집 #하귀맛집 #한림맛집 #한림카페#애월해안도로맛집 #애월가볼만한곳 #제주공항맛집 #제주공항근처맛집 #제주도 #제주여행","['#애월맛집', '#애월카페', '#애월읍맛집', '#제주애월맛집', '#제주도맛집', '#제주맛집', '#제주도카페', '#제주카페', '#외도맛집', '#하귀맛집', '#한림맛집', '#한림카페', '#애월해안도로맛집', '#애월가볼만한곳', '#제주공항맛집', '#제주공항근처맛집', '#제주도', '#제주여행']",2021-08-18,0,
.#연동 #모니카옛날통닭간판부터 맛집포스 작렬하는 찐맛집이젠 인생치킨이라고 말하기도 입아픔@칭구야 올때 포장해와@주소 : 제주 제주시 신대로10길 33..#제주맛집 #제주도맛집 #제주공항근처맛집 #제주시맛집 #애월맛집 #중문맛집 #제주공항맛집 #서귀포맛집 #산방산맛집 #신제주맛집 #제주시청맛집 #제주애월맛집 #월정리맛집 #제주여행 #제주핫플,"['#연동', '#모니카옛날통닭간판부터', '#제주맛집', '#제주도맛집', '#제주공항근처맛집', '#제주시맛집', '#애월맛집', '#중문맛집', '#제주공항맛집', '#서귀포맛집', '#산방산맛집', '#신제주맛집', '#제주시청맛집', '#제주애월맛집', '#월정리맛집', '#제주여행', '#제주핫플']",2021-08-19,1130,
"협찬제주 대표 썬셋 맛집 ""랍스터빈""주소 : 제주시 애월읍 애월해안로 752전화 : 064-743-1979영업 : 오전11시~밤10시 연중무휴포장ㆍ배달 환영제주애월맛집💘 랍스터빈#애월맛집 #애월카페 #애월읍맛집 #제주애월맛집 #제주도맛집 #제주맛집 #제주도카페 #제주카페 #외도맛집 #하귀맛집 #한림맛집 #한림카페#애월해안도로맛집 #애월가볼만한곳 #제주공항맛집 #제주공항근처맛집 #제주여행 #제주도여행","['#애월맛집', '#애월카페', '#애월읍맛집', '#제주애월맛집', '#제주도맛집', '#제주맛집', '#제주도카페', '#제주카페', '#외도맛집', '#하귀맛집', '#한림맛집', '#한림카페', '#애월해안도로맛집', '#애월가볼만한곳', '#제주공항맛집', '#제주공항근처맛집', '#제주여행', '#제주도여행']",2021-08-18,0,
<광고>#우도 들어가기전에 꼭 #산도롱맨도롱#갈비국수 꼭 드셔보세요.✔손소독제 항시 배치 (입장시 입구부터 손소독제 마스크 착용후 입장 가능합니다) ▪️오픈시간: 07:30 - 17:00▪️전화: 064-782-5105▪️제주시 구좌읍 해맞이해안로 2284▪️매주 화요일 휴무#제주맛집 #제주도맛집 #성산맛집#성산일출봉맛집 #우도맛집 #우도#종달리맛집 #스누피가든 #광치기해변#광치기해변맛집 #제주흑돼지맛집#제주도흑돼지맛집 #제주고기국수맛집#제주고기국수 #제주아침식사 #월정리맛집,"['#우도', '#산도롱맨도롱', '#갈비국수', '#제주맛집', '#제주도맛집', '#성산맛집', '#성산일출봉맛집', '#우도맛집', '#우도', '#종달리맛집', '#스누피가든', '#광치기해변', '#광치기해변맛집', '#제주흑돼지맛집', '#제주도흑돼지맛집', '#제주고기국수맛집', '#제주고기국수', '#제주아침식사', '#월정리맛집']",2021-08-18,0,
.한림 #문도지오름방목된 조랑말과 교감까지 할 수이따규~일몰 시간에 맞춰서 가면 멋진 노을까지 볼 수 있으니 제주앓이에 무적권 걸린다...@이러니 제주를 사랑할 수 바꿰업쮜@코로롱시키!! 얼른 사라져!!✔장소_문도지오름✔주소_제주 제주시 한림읍 금악리-올레길 14-1코스에 위치-올레길가는법꿀팁_나뭇가지에 리본모양(파랑+빨강)끈이 묶여있다고한다_쭉가면 경고판문이 있는데 들어가면 된다_샛길로 5~6분정도 올라가면 된다..#제주맛집 #제주도맛집 #제주공항근처맛집 #제주시맛집 #애월맛집 #중문맛집 #제주공항맛집 #서귀포맛집 #산방산맛집 #신제주맛집 #제주시청맛집 #제주애월맛집 #월정리맛집 #제주여행 #제주핫플,"['#문도지오름방목된', '#제주맛집', '#제주도맛집', '#제주공항근처맛집', '#제주시맛집', '#애월맛집', '#중문맛집', '#제주공항맛집', '#서귀포맛집', '#산방산맛집', '#신제주맛집', '#제주시청맛집', '#제주애월맛집', '#월정리맛집', '#제주여행', '#제주핫플']",2021-08-17,1304,
"협찬제주애월 썬셋맛집 ""랍스터빈""주소 : 제주시 애월읍 애월해안로 752전화 : 064-743-1979영업 : 오전11시~밤10시 연중무휴포장ㆍ배달 환영💘 랍스터빈#애월맛집 #애월카페 #애월읍맛집 #제주애월맛집 #제주도맛집 #제주맛집 #제주도카페 #제주카페 #외도맛집 #하귀맛집 #한림맛집 #한림카페#애월해안도로맛집 #애월가볼만한곳 #제주공항맛집 #제주공항근처맛집 #제주도 #비자림","['#애월맛집', '#애월카페', '#애월읍맛집', '#제주애월맛집', '#제주도맛집', '#제주맛집', '#제주도카페', '#제주카페', '#외도맛집', '#하귀맛집', '#한림맛집', '#한림카페', '#애월해안도로맛집', '#애월가볼만한곳', '#제주공항맛집', '#제주공항근처맛집', '#제주도', '#비자림']",2021-08-17,0,
".💙 구좌 ""제주모랑"" 💙사장님들이 손수 만든 수제소품들이 가득~좋은향이 가득한 구좌의 예쁜 소품샵이야　제주스럽고 아기자기한 소품도 많고다양한 향의 디퓨저 맛집으로 핫함👀❣감성충전하러 가기 딱이쟈나,,🎀@세화해변 근처니까 꼭 들러볼것!📌저장필수　　✅제주시 구좌읍 세화리 구좌로 48✅010-2779-2947✅@Jejumorang　　#제주모랑 #제주소품샵 #세화소품샵 #제주기념품 #제주기념품샵 #구좌읍소품샵 #제주선물가게 #제주소품샵투어 #제주기념품가게 #제주선물추천 #제주시소품샵 #제주여행선물 #제주여행선물추천 #제주여행 #제주핫플 #제주가볼만한곳 #제주도소품샵 #세화가볼만한곳 #제주맛집 #제주도맛집 #서귀포맛집 #제주카페 #서귀포카페","['#제주모랑', '#제주소품샵', '#세화소품샵', '#제주기념품', '#제주기념품샵', '#구좌읍소품샵', '#제주선물가게', '#제주소품샵투어', '#제주기념품가게', '#제주선물추천', '#제주시소품샵', '#제주여행선물', '#제주여행선물추천', '#제주여행', '#제주핫플', '#제주가볼만한곳', '#제주도소품샵', '#세화가볼만한곳', '#제주맛집', '#제주도맛집', '#서귀포맛집', '#제주카페', '#서귀포카페']",2021-08-18,1030,
"<광고>#제주분식 https://jejubunsig.modoo.at/ 📌제주시 귀아랑길 23 (제주공항 5분거리)📌매일 10:00 - 16:00📌064-726-2120안녕하세요 제주분식입니다.* 제주분식은 제주산 식자재를 사용하여 안전하고 건강한 먹거리를 추구하는 제주산 로컬푸드 분식카페입니다.*제주공항에서 차로 5분거리에위치하고있어서 제주를 찾는 여행객분들이나 여행중이신분들에게 빠르고 간편한 식사와 포장메뉴를 제공합니다.* 주요메뉴- 모당모당 = 모당준다라는 제주도 사투리로써 제주분식의 모듬분식을 표현하는 제주분식만의 시그니처메뉴입니다.참고로 모당모당에는 떡볶이,순대,튀김,면사리가 함께들어갑니다.- 돔베라면, 매운돔베라면(돔베란? 갓삶은 돼지고기를 나무도마에 얹어 덩어리째 썰어 먹는 제주도 향토지역음식입니다.)생면과 제주돔베고기의 진한육수가 어우러지는 메뉴입니다.- 돔베김밥제주돔베고기를 듬뿍넣은 제주분식만의 메뉴입니다.  - 전복김밥 = 매일아침 신선한 전복을 구매하여 정성껏손질후 볶은후 싱싱한 김밥을 만들고있습니다.- 제주해물라면 = 싱싱한 여러 가지해산물이 들어있고 특별한육수맛이 생면과 어울리는 제주분식만의 메뉴   * 제주 로컬푸드 분식카페 제주분식. 064-726-2120주소 - 제주시 귀아랑길 23 (제주공항 5분거리), 영업시간은 10:00부터~16:00까지입니다.  * 제주분식을 좋아해주시는분들은 10대~20대 SNS를 좋아하시는 여성분들과 커플분들이며, 그리고 어린이를 동반한가족고객분들 그외 2~3대 대가족여행을 함께다니는 가족분들이 많이 찾고계십니다. 제주여행중 꼭 들려야하는 분식 맛집 알려줌‼제주 로컬푸드로 만든 분식카페 공항근처 #제주분식⠀간편하게 먹기 좋은 메뉴들로 여행객들이 꼭 찾는 곳!싱싱한 제주 식자재로 만들어 안전,건강한 먹거리뿐맛있는거 싹 모은 모듬분식 #모당모당 과 #돔베라면돔베김밥,전복김밥,해물라면도 믿먹템👍🏻👍🏻비줠도 좋아서 커플들, 가족여행객들도 많이 찾는다공⠀⠀📌제주시 귀아랑길 23 (제주공항 5분거리)📌매일 10:00 - 16:00📌064-726-2120#제주맛집 #제주도맛집 #제주시맛집#제주공항근처맛집 #제주공항맛집 #제주맛집추천 #제주도맛집추천 #제주현지인맛집 #제주가볼만한곳 #제주도먹거리 #제주여행 #제주도여행#애월맛집 #제주연동맛집 #제주해물라면","['#제주분식', '#제주분식⠀간편하게', '#모당모당', '#돔베라면돔베김밥', '#제주맛집', '#제주도맛집', '#제주시맛집', '#제주공항근처맛집', '#제주공항맛집', '#제주맛집추천', '#제주도맛집추천', '#제주현지인맛집', '#제주가볼만한곳', '#제주도먹거리', '#제주여행', '#제주도여행', '#애월맛집', '#제주연동맛집', '#제주해물라면']",2021-08-16,0,
"그 유명한 #연돈 에 다녀왔습니다. 그런데ㅎ;;;⠀⠀⠀⠀⠀⠀⠀어마무시한 웨이팅으로 찐맛집임을 입증하던 #제주도연돈 이최근 #테이블링 이라는 어플을 통해 예약이 가능해짐으로써극약의 예약 난이도를 자랑하는 먹켓팅맛집으로 거듭났는데요예약 경쟁이 거즘 전쟁급이지만 기꺼이 참전했고, 승리했습니다⠀⠀⠀⠀⠀⠀⠀주문한 메뉴는 등심까스(9,000원)와 치즈까스(10,000원)⭐️수제카레(3,000원)는 현장에서 별도로 추가 주문을 받는데ㄹㅇ 존맛이니까 고민하지 마시고 무조건 [1인 1카레] 하세오 !⠀⠀⠀⠀⠀⠀⠀(입장한 순서와 관계없이 예약 순서대로 서빙해 주시기 때문에더 늦게 들어온 팀이 음식을 먼저 받는 경우가 종종 있는데이에 대한 이해도가 낮아서인지 관련된 악평이 꽤 많더라구요)⠀⠀⠀⠀⠀⠀⠀이윽고 메뉴가 당도한 순간, 뭔가 잘못됐음을 직감했습니다🗿비계부분을 날리고 살코기만 썼다지만 한 눈에 봐도 넘 퍽퍽쓰분명 풍부한 육즙과 부드러운 식감이라고 적혀있었는데 말이죠그렇다고해서 잡내가 나거나하진 않았지만 특별함은 1도 없는;;;⠀⠀⠀⠀⠀⠀⠀더 심각한건 글루텐 함량이 적은+수제 빵가루인 것 까진 좋은데앞, 뒤로 바삭하다 못해 입천장이 까질 정도로 너무 거칠어서에라 모르겠다하고 먹었다가 다음날까지 고생을 했읍니다 ,,ㅎ네, 지금까지 도무지 이해할 수 없는 연돈 등심까스 후기였구요⠀⠀⠀⠀⠀⠀⠀지금의 골목식당을 있게한 장본인, 치돈은 역시나 존맛탱😇♥️#등심까스 와는 전혀 다른 컨디션의 음식이라 깜짝 놀랐습니당만원 한장으로 영접할 수 있는 최고의 치즈까스가 아닐까싶은,,,⠀⠀⠀⠀⠀⠀⠀수제카레 역시 백종원선생님께서 극찬하신 이유가 납득가는 맛양파 카라멜라이징을 어찌나 정성들여서 했는지 풍/미/작/렬1숟갈에 1감탄을 부르는 맛이라, 지나가는 사람 붙잡고 제발한 입만 먹어보라고 하고싶을 정도입니다ㅠ🥺 핵ㅠ존ㅠ맛ㅠ⠀⠀⠀⠀⠀⠀⠀연돈의 ‘ㅇ’라도 경험하고 싶은 분들을 위해 테이크아웃 전용인#수제볼카츠 라는 메뉴도 출시됐다고 하니 궁금하신 분들은매일 오후 8시에 테이블링 앱을 통해 예약에 도전해보세요🙏🏻⠀⠀⠀⠀⠀⠀⠀+) 다녀오신 분들의 리얼후기가 궁금합니다 제발 공유해 주세요⠀⠀⠀⠀⠀⠀⠀📍제주 서귀포시 일주서로 968-10(색달동  2156-2)☎️ 0507-1386-7060🕰 매일 12:00–21:00(B.T 16:00~18:00)/매주 월요일 휴무⠀⠀⠀⠀⠀⠀⠀#아토짱_제주 #제주도맛집 #제주맛집 #제주도가볼만한곳#서귀포맛집 #색달동맛집 #제주도핫플 #제주서귀포맛집#제주도맛집추천 #제주도돈까스 #제주도핫플 #제주도점심","['#연돈', '#제주도연돈', '#테이블링', '#등심까스', '#수제볼카츠', '#아토짱_제주', '#제주도맛집', '#제주맛집', '#제주도가볼만한곳', '#서귀포맛집', '#색달동맛집', '#제주도핫플', '#제주서귀포맛집', '#제주도맛집추천', '#제주도돈까스', '#제주도핫플', '#제주도점심']",2021-08-18,4635,
흑돼지 처돌이들이 인정한곳💓여기는 나만알고싶은집ㅠ안가본사람은 제발가봐〰⠀@@너무맛있어서 기절함😘⠀⠀📍제주 제주시 서해안로 368-10 제주고집📍11:00 - 24:00⠀#제주공항맛집 #제주공항근처맛집 #공항근처맛집 #제주공항흑돼지 #월정리맛집 #우도맛집 #외도맛집#제주공항흑돼지맛집 #제주공항근처흑돼지 #제주공항가볼만한곳 #제주흑돼지맛집 #제주도흑돼지맛집 #제주흑돼지맛집추천 #제주도흑돼지맛집추천#제주도맛집 #중문맛집😍⠀⠀😁😍😁😁⠀⠀⠀⠀⠀⠀😁⠀⠀⠀⠀⠀⠀⠀⠀⠀⠀⠀⠀⠀⠀⠀⠀⠀⠀⠀⠀⠀⠀⠀⠀⠀⠀⠀⠀⠀⠀⠀⠀⠀⠀⠀⠀⠀⠀⠀⠀⠀⠀⠀⠀⠀⠀⠀⠀⠀⠀⠀⠀⠀⠀⠀⠀⠀⠀⠀⠀⠀⠀⠀⠀⠀⠀⠀⠀⠀⠀⠀⠀⠀⠀⠀⠀⠀⠀⠀⠀⠀⠀⠀⠀⠀⠀⠀⠀⠀⠀⠀⠀⠀⠀,"['#제주공항맛집', '#제주공항근처맛집', '#공항근처맛집', '#제주공항흑돼지', '#월정리맛집', '#우도맛집', '#외도맛집', '#제주공항흑돼지맛집', '#제주공항근처흑돼지', '#제주공항가볼만한곳', '#제주흑돼지맛집', '#제주도흑돼지맛집', '#제주흑돼지맛집추천', '#제주도흑돼지맛집추천', '#제주도맛집', '#중문맛집😍⠀⠀😁😍😁😁⠀⠀⠀⠀⠀⠀😁⠀⠀⠀⠀⠀⠀⠀⠀⠀⠀⠀⠀⠀⠀⠀⠀⠀⠀⠀⠀⠀⠀⠀⠀⠀⠀⠀⠀⠀⠀⠀⠀⠀⠀⠀⠀⠀⠀⠀⠀⠀⠀⠀⠀⠀⠀⠀⠀⠀⠀⠀⠀⠀⠀⠀⠀⠀⠀⠀⠀⠀⠀⠀⠀⠀⠀⠀⠀⠀⠀⠀⠀⠀⠀⠀⠀⠀⠀⠀⠀⠀⠀⠀⠀⠀⠀⠀⠀⠀⠀⠀⠀⠀⠀']",2021-08-19,0,
흑돼지 처돌이들이 인정한곳💓여기는 나만알고싶은집ㅠ안가본사람은 제발가봐〰⠀@@너무맛있어서 기절함😘⠀⠀📍제주 제주시 서해안로 368-10 제주고집📍11:00 - 24:00⠀#제주공항맛집 #제주공항근처맛집 #공항근처맛집 #제주공항흑돼지 #월정리맛집 #우도맛집 #외도맛집#제주공항흑돼지맛집 #제주공항근처흑돼지 #제주공항가볼만한곳 #제주흑돼지맛집 #제주도흑돼지맛집 #제주흑돼지맛집추천 #제주도흑돼지맛집추천#제주도맛집 #중문맛집😎😁🤣⠀⠀⠀⠀⠀⠀⠀⠀⠀😎😎😍⠀⠀⠀⠀⠀⠀⠀⠀⠀⠀⠀⠀⠀⠀⠀⠀⠀⠀⠀⠀⠀⠀⠀⠀⠀⠀⠀⠀⠀⠀⠀⠀⠀⠀⠀⠀⠀⠀⠀⠀⠀⠀⠀⠀⠀⠀⠀⠀⠀⠀⠀⠀⠀⠀⠀⠀⠀⠀⠀⠀⠀⠀⠀⠀⠀⠀⠀⠀⠀⠀⠀⠀⠀⠀⠀⠀⠀⠀⠀⠀⠀⠀⠀⠀⠀⠀⠀⠀⠀⠀⠀⠀⠀⠀⠀⠀⠀⠀⠀⠀⠀⠀,"['#제주공항맛집', '#제주공항근처맛집', '#공항근처맛집', '#제주공항흑돼지', '#월정리맛집', '#우도맛집', '#외도맛집', '#제주공항흑돼지맛집', '#제주공항근처흑돼지', '#제주공항가볼만한곳', '#제주흑돼지맛집', '#제주도흑돼지맛집', '#제주흑돼지맛집추천', '#제주도흑돼지맛집추천', '#제주도맛집', '#중문맛집😎😁🤣⠀⠀⠀⠀⠀⠀⠀⠀⠀😎😎😍⠀⠀⠀⠀⠀⠀⠀⠀⠀⠀⠀⠀⠀⠀⠀⠀⠀⠀⠀⠀⠀⠀⠀⠀⠀⠀⠀⠀⠀⠀⠀⠀⠀⠀⠀⠀⠀⠀⠀⠀⠀⠀⠀⠀⠀⠀⠀⠀⠀⠀⠀⠀⠀⠀⠀⠀⠀⠀⠀⠀⠀⠀⠀⠀⠀⠀⠀⠀⠀⠀⠀⠀⠀⠀⠀⠀⠀⠀⠀⠀⠀⠀⠀⠀⠀⠀⠀⠀⠀⠀⠀⠀⠀⠀⠀⠀⠀⠀⠀⠀⠀⠀']",2021-08-19,0,
기다려주셔시 감사합니다🙏..#로드129 ✔재료소진시 영업종료✔흑돼지치즈돈까스성게크림파스타흑돼지함박스테이크해물야끼소바흑돼지돈까스애월해변 도보10분🌴..#애월맛집 #애월밥집 #애월해안도로 #애월핫플 #제주맛집 #애월맛집추천 #애월항맛집 #곽지맛집 #한담맛집 #제주공항맛집 #제주여행 #제주도여행 #제주애월맛집 #아이와제주갈만한곳 #애월맛집인정 #애월맛집추천 #송악산 #제주도맛집 #제주도애월 #애월카페 #애월가볼만한곳 #협재맛집#제주핫플레이스,"['#로드129', '#애월맛집', '#애월밥집', '#애월해안도로', '#애월핫플', '#제주맛집', '#애월맛집추천', '#애월항맛집', '#곽지맛집', '#한담맛집', '#제주공항맛집', '#제주여행', '#제주도여행', '#제주애월맛집', '#아이와제주갈만한곳', '#애월맛집인정', '#애월맛집추천', '#송악산', '#제주도맛집', '#제주도애월', '#애월카페', '#애월가볼만한곳', '#협재맛집', '#제주핫플레이스']",2021-08-19,1,
🔅데님 미니 속바지 스커트속바지가 있는 편안한 데님 미니스커트 더이상 말이 필요없는 늘 핫한 기본 아이템 어디에든 코디하기 쉬운 아이에요주문은 🤍dm주세요☺️ ...#청치마#블랙치마 #스커트코디#여름남방 #린넨남방 #린넨블라우스 #청바지코디 #여친룩 #데이트코디 #호캉스 #대구동성로#이태원 #해운대코디#여행코디#제주도여행#제주도맛집#광안리맛집#상무지구맛집#강릉맛집,"['#청치마', '#블랙치마', '#스커트코디', '#여름남방', '#린넨남방', '#린넨블라우스', '#청바지코디', '#여친룩', '#데이트코디', '#호캉스', '#대구동성로', '#이태원', '#해운대코디', '#여행코디', '#제주도여행', '#제주도맛집', '#광안리맛집', '#상무지구맛집', '#강릉맛집']",2021-08-19,1,
애월 로드129성게크림파스타흑돼지 멘치카츠흑돼지 치즈돈까스흑돼지 고구마치즈돈까스흑돼지 수제돈까스해물야끼소바재료소진시 조기마감전메뉴 포장가능#애월맛집#제주맛집#애월읍맛집#애월항맛집#제주애월점심#애월맛집추천#제주애월맛집#애월점심추천#애월밥집#제주현지인맛집#제주도민추천맛집#제주도현지인맛집#도민맛집#제주혼밥#제주시맛집#제주도맛집#제주도민맛집#금능맛집#한림맛집#협재맛집#협재해수욕장맛집#곽지해수욕장맛집#더럭분교맛집#애월해안도로#제주서쪽맛집#애월데이트코스#새별오름#애월카페#제주데이트코스,"['#애월맛집', '#제주맛집', '#애월읍맛집', '#애월항맛집', '#제주애월점심', '#애월맛집추천', '#제주애월맛집', '#애월점심추천', '#애월밥집', '#제주현지인맛집', '#제주도민추천맛집', '#제주도현지인맛집', '#도민맛집', '#제주혼밥', '#제주시맛집', '#제주도맛집', '#제주도민맛집', '#금능맛집', '#한림맛집', '#협재맛집', '#협재해수욕장맛집', '#곽지해수욕장맛집', '#더럭분교맛집', '#애월해안도로', '#제주서쪽맛집', '#애월데이트코스', '#새별오름', '#애월카페', '#제주데이트코스']",2021-08-19,0,
[제주의 신선함을 담다제주 향토음식전문점 '동백을담다'몸국은 걸죽하여 밥을 말아서 드시면한 끼 푸짐하고 든든하게 먹을 수 있어요🥰첨가된 고춧가루와 쪽파를 골고루 비벼서 드시면 더욱 맛이 up! up![제주동백을담다]🍽제주 제주시 구산로 41🥄064-724-5858🍴포장가능(전국택배)#제주동백을담다#동백을담다#제주도몸국#제주도몸국맛집#제주고사리육개장#고사리육개장#고사리육개장맛집#육개장맛집#제주향토음식점#제주아라동맛집#아라동맛집#구산로맛집#제주여자중학교맛집#제주시맛집#구제주맛집#제주도맛집#제주맛집#제주여행#제주도여행#제주도#제주#JEJU#먹스타그램#먹팔#좋아요반사#좋반#선팔#제주몸국#제주여행,"['#제주동백을담다', '#동백을담다', '#제주도몸국', '#제주도몸국맛집', '#제주고사리육개장', '#고사리육개장', '#고사리육개장맛집', '#육개장맛집', '#제주향토음식점', '#제주아라동맛집', '#아라동맛집', '#구산로맛집', '#제주여자중학교맛집', '#제주시맛집', '#구제주맛집', '#제주도맛집', '#제주맛집', '#제주여행', '#제주도여행', '#제주도', '#제주', '#JEJU', '#먹스타그램', '#먹팔', '#좋아요반사', '#좋반', '#선팔', '#제주몸국', '#제주여행']",2021-08-19,4,
👫제주 동문시장에서 먹었던 삼겹김치말이와 치즈랍스터구이😋활기 넘치는 직원들의 모습이 인상적이었당🧡#신혼부부여름휴가 #제주여행 #청년미남들,"['#신혼부부여름휴가', '#제주여행', '#청년미남들']",2021-08-19,3,
유죄 ㅋㅋㅋ...#주말 #강원도 #테러 #드라마 #송정 #얼스타그램 #유머스타그램 #핵잼 #반려묘 #홍대 #좋아요반사 #2박3일 #멍뭉이 #사진스타그램 #강아지 #아이폰 #웃긴 #소통해요 #국내여행 #취미 #스타일 #여행일기 #소통스타그램 #드라이브 #퇴근 #애완 #해외여행 #헬스타그램 #제주도맛집 #해운대맛집,"['#주말', '#강원도', '#테러', '#드라마', '#송정', '#얼스타그램', '#유머스타그램', '#핵잼', '#반려묘', '#홍대', '#좋아요반사', '#2박3일', '#멍뭉이', '#사진스타그램', '#강아지', '#아이폰', '#웃긴', '#소통해요', '#국내여행', '#취미', '#스타일', '#여행일기', '#소통스타그램', '#드라이브', '#퇴근', '#애완', '#해외여행', '#헬스타그램', '#제주도맛집', '#해운대맛집']",2021-08-19,5,
출장때문에 제주도 자주 방문하는데 올때마다 항상 방문하는 곳 !!! 언제와도 맛있고 친절하신 사장님 덕분에 늘 즐겁게 식사함 ~~#제주도맛집꺼멍연탄구이#제주도맛집 #신화월드맛집 #오설록맛집 #카멜리아힐맛집 #한경면맛집 #제주도흑돼지맛집 #송악산맛집 #산방산맛집 #오설록티뮤지엄 #제주신화월드메리어트 #제주신화월드 #제주도현지인맛집 #제주현지인맛집 #제주도가볼만한곳 #제주도여행 #저지리맛집,"['#제주도맛집꺼멍연탄구이', '#제주도맛집', '#신화월드맛집', '#오설록맛집', '#카멜리아힐맛집', '#한경면맛집', '#제주도흑돼지맛집', '#송악산맛집', '#산방산맛집', '#오설록티뮤지엄', '#제주신화월드메리어트', '#제주신화월드', '#제주도현지인맛집', '#제주현지인맛집', '#제주도가볼만한곳', '#제주도여행', '#저지리맛집']",2021-08-19,0,
#로드129 흑돼지치즈돈가스🧡99.9% 자연모짜렐라치즈만 사용✔성게크림파스타해물야끼소바흑돼지멘치까스고구마치즈돈까스 ✔재료소진시 영업종료✔--#곽지해수욕장 #제주도 #제주여행 #제주도돈까스 #금오름 #road129#오설록 #카멜리아힐맛집 #애월해안도로 #제주맛집 #협재해수욕장 #제주공항맛집 #서귀포맛집 #산방산맛집 #제주도맛집 #제주도여행 #애월맛집 #곽지맛집 #협재맛집 #애월 #이호테우해변#제주도가볼만한곳,"['#로드129', '#곽지해수욕장', '#제주도', '#제주여행', '#제주도돈까스', '#금오름', '#road129', '#오설록', '#카멜리아힐맛집', '#애월해안도로', '#제주맛집', '#협재해수욕장', '#제주공항맛집', '#서귀포맛집', '#산방산맛집', '#제주도맛집', '#제주도여행', '#애월맛집', '#곽지맛집', '#협재맛집', '#애월', '#이호테우해변', '#제주도가볼만한곳']",2021-08-19,1,
제주도에서 인생 프렌치토스트 만날줄이야 - 제주도 공항 근처 브런치는 무조건 #이올라니 🤍🤍🤍 내 부채꼴 귀여운 머리도 봐줄 사람,['#이올라니'],2021-08-19,1,
이가격실화??갈치조림정식이 1만원.직접만든 도토리묵반찬에~~부실한 반찬이아닌 김치부터 모든 밑반찬을 직접만드심👍#제주가성비맛집#보말칼국수 또한 찐😍이건 꼭 먹어야해😋도민들사이에서만 쉬쉬거리며 유명한 #제주도민맛집.🔹️상호:#보리밥과수제비.🔹️아침식사가능단체예약문의 📞064-721-1239.🔹️오전8~오후8시까지 영업     (재료소진시 조기마감).🔹️제주시 가령로 61-1..#제주맛집 #제주도맛집 #제주공항근처맛집 #제주공항맛집 #제주갈치조림맛집 #제주도갈치조림 #제주동문시장맛집 #제주보말칼국수 #보말칼국수맛집 #갈치조림맛집 #제주공항아침식사 #동문시장맛집 #제주시맛집추천 #제주도공항맛집 #제주도갈치맛집 #제주도갈치조림맛집 #제주도보말칼국수 #제주보말칼국수맛집 #제주맛집추천 #탑동맛집 #용두암맛집 #제주시아침식사 #제주아침식사맛집 #동문시장근처맛집,"['#제주가성비맛집', '#보말칼국수', '#제주도민맛집.🔹️상호:', '#보리밥과수제비.🔹️아침식사가능단체예약문의', '#제주맛집', '#제주도맛집', '#제주공항근처맛집', '#제주공항맛집', '#제주갈치조림맛집', '#제주도갈치조림', '#제주동문시장맛집', '#제주보말칼국수', '#보말칼국수맛집', '#갈치조림맛집', '#제주공항아침식사', '#동문시장맛집', '#제주시맛집추천', '#제주도공항맛집', '#제주도갈치맛집', '#제주도갈치조림맛집', '#제주도보말칼국수', '#제주보말칼국수맛집', '#제주맛집추천', '#탑동맛집', '#용두암맛집', '#제주시아침식사', '#제주아침식사맛집', '#동문시장근처맛집']",2021-08-19,1,
애월 로드129성게크림파스타흑돼지 멘치카츠흑돼지 치즈돈까스흑돼지 고구마치즈돈까스흑돼지 수제돈까스해물야끼소바재료소진시 조기마감전메뉴 포장가능#애월맛집#제주맛집#애월읍맛집#애월항맛집#제주애월점심#애월맛집추천#제주애월맛집#애월점심추천#애월밥집#제주현지인맛집#제주도민추천맛집#제주도현지인맛집#도민맛집#제주혼밥#제주시맛집#제주도맛집#제주도민맛집#금능맛집#한림맛집#협재맛집#협재해수욕장맛집#곽지해수욕장맛집#더럭분교맛집#애월해안도로#제주서쪽맛집#애월데이트코스#새별오름#애월카페#제주데이트코스,"['#애월맛집', '#제주맛집', '#애월읍맛집', '#애월항맛집', '#제주애월점심', '#애월맛집추천', '#제주애월맛집', '#애월점심추천', '#애월밥집', '#제주현지인맛집', '#제주도민추천맛집', '#제주도현지인맛집', '#도민맛집', '#제주혼밥', '#제주시맛집', '#제주도맛집', '#제주도민맛집', '#금능맛집', '#한림맛집', '#협재맛집', '#협재해수욕장맛집', '#곽지해수욕장맛집', '#더럭분교맛집', '#애월해안도로', '#제주서쪽맛집', '#애월데이트코스', '#새별오름', '#애월카페', '#제주데이트코스']",2021-08-19,0,
"내가 나고 자란 월평동에 이렇게나 훌륭한 맛집이 생겼을 줄이야. 이전에 뀌에떼가 있었던 바로 그 자리, 식당 이름은 커뮤니테이블이라고 한다!",[],2021-08-19,20,
제주도 <색달식당>문어통갈치조림자작자작 조릴수록 더 맛있어지는 갈치조림밥도둑님이시다......#색달식당 #중문색달 #제주도맛집 #제주갈치조림 #갈치조림맛집 #통갈치조림 #먹스타그램 #맛스타그램 #먹팔 #맛팔 #맛팔선팔 #점심스타그램 #먹방투어 #맛집투어 #맛집공유,"['#색달식당', '#중문색달', '#제주도맛집', '#제주갈치조림', '#갈치조림맛집', '#통갈치조림', '#먹스타그램', '#맛스타그램', '#먹팔', '#맛팔', '#맛팔선팔', '#점심스타그램', '#먹방투어', '#맛집투어', '#맛집공유']",2021-08-19,9,
#제주여행추천 #흑돼지박스 포장하고 바로옆 섭지해변에서 성산일출봉을 바라보며 먹는 제주도시락😋..🚘섭지해변 도보2분 외 광치기해변 월정리해변 세화해변 성산일출봉 만장굴 비자림 백약이오름 아쿠아플라넷 등등 주요관광지가 근처에 위치해있어 어디가서먹어도👍..✔11:00~19:00까지 영업    재료소진시 조기마감 .✔흑돼지박스성산점👉성산읍 신양로100 .✔흑돼지박스산방산점👉안덕면사계남로168..#제주맛집 #성산일출봉맛집 #섭지코지맛집 #성산맛집 #제주도맛집 #함덕맛집 #세화맛집 #섭지코지카페 #성산카페 #구좌읍맛집추천 #성산읍맛집추천 #성산읍맛집 #서귀포맛집 #산방산맛집 #성산일출봉 #세화카페 #월정리해변 #제주성산맛집 #광치기해변맛집 #성산회포장 #성산횟집 #성산흑돼지 제주도카페 #서귀포회포장,"['#제주여행추천', '#흑돼지박스', '#제주맛집', '#성산일출봉맛집', '#섭지코지맛집', '#성산맛집', '#제주도맛집', '#함덕맛집', '#세화맛집', '#섭지코지카페', '#성산카페', '#구좌읍맛집추천', '#성산읍맛집추천', '#성산읍맛집', '#서귀포맛집', '#산방산맛집', '#성산일출봉', '#세화카페', '#월정리해변', '#제주성산맛집', '#광치기해변맛집', '#성산회포장', '#성산횟집', '#성산흑돼지', '#서귀포회포장']",2021-08-19,1,
너무 완벽하게 내 스타일인 이 곳✨ 또 갈래🖤,[],2021-08-19,6,
공항에서 가까운곳으로 찾아간 #제주분식좋은선택이었다 ㅋㅋ제주분식전화 - 064-726-2120주소 - 제주시 귀아랑길 23 (제주공항 5분거리)#제주현지인맛집#제주맛집#제주도맛집#제주공항맛집#연동맛집#연동제주분식#제주도공항근처맛집#제주도여행#제주가볼만한곳#노형동맛집,"['#제주분식좋은선택이었다', '#제주현지인맛집', '#제주맛집', '#제주도맛집', '#제주공항맛집', '#연동맛집', '#연동제주분식', '#제주도공항근처맛집', '#제주도여행', '#제주가볼만한곳', '#노형동맛집']",2021-08-19,0,
🦀제주시에 위치한 카레 맛집 문쏘🦀제주도에서 여행하다가 즉흥적으로 찾아서 들어가게 된 카레맛집입니다! 다양한 메뉴가 많았지만 제가 선택한 두가지 메뉴는🦀황게카레🦀 비주얼도 압도적이지만 맛도 너무 좋은 메뉴에요! 카레는 일본식 카레의 맛이고 살짝 매콤해서 질리지 않고 계속 중독되게 먹고 싶은 맛입니다. 계란후라이도 반숙으로 주셔서 밥+카레+노른자=❤️ 맛없없 조합이였어요! 먹으면서도 계속 맛있다고 노래 부르면서 먹은 맛이였습니다!🥚에그인헬🥚 에그인헬은 보통 빵이랑만 제공 되는 곳들이 대부분인데 여기는 밥도 비벼서 먹어보라고 밥이랑 빵이 같이 나오는데 에그인헬 자체가 맛있어서 그런지 밥도 빵도 너무 맛있었습니당! 너무 맵지 않아서 매운거 못드시는 분들도 충분히 즐기 실 수 있을 것 같습니다🤓가게 인테리어도 전혀 카레집 같지 않게 굉장히 엔틱하고 연예인들도 많이 왔다간 맛집이더라고요! 정신없이 밥만 먹고 나와서 가게 내부 사진은 없지만 제주도 가셨을때 꼭꼭 드셔보세요! 정말 핵강추합니다😆😆#복자매의푸파🐽,['#복자매의푸파🐽'],2021-08-19,4,
제주도에서 꼭 입고싶었던 잔꽃퍼프원피스🌸🌼여행가신다면 무적권이에요!#제주여행 #벨진밧,"['#제주여행', '#벨진밧']",2021-08-19,7,
💘인생흑돼지 찾음💓흑돼지+전복+딱새우+키조개관자+가리비+버섯미쳤다 다같이 굽자‼비주얼부터 완벽한거 머선129🤭갓성비 미친다 육즙퐝퐝 흑돼지는 말모말모딱새우회도 있으니 얼마나 좋게요?⠀@@나만알고싶은 맛집임🥰⠀📍제주 제주시 조천읍 함와로 7 뱃도새기📍12:00 - 23:00⠀⠀#함덕맛집 #제주함덕맛집 #함덕해수욕장 #함덕서우봉해변 #함덕해수욕장맛집 #함덕흑돼지 #함덕흑돼지맛집 #함덕밥집 #함덕술집 #함덕맛집추천 #함덕핫플레이스 ⠀⠀⠀#제주도맛집 #중문맛집⠀⠀😁😋⠀⠀⠀😋😍😎⠀🤣😁⠀⠀⠀⠀⠀⠀⠀⠀⠀⠀⠀⠀⠀⠀⠀⠀⠀⠀⠀⠀⠀⠀⠀⠀⠀⠀⠀⠀⠀⠀⠀⠀⠀⠀⠀⠀⠀⠀⠀⠀⠀⠀⠀⠀⠀⠀⠀⠀⠀⠀⠀⠀⠀⠀⠀⠀⠀⠀⠀⠀⠀⠀⠀⠀⠀⠀⠀⠀⠀⠀⠀⠀⠀⠀⠀⠀⠀⠀⠀⠀⠀⠀⠀⠀⠀⠀,"['#함덕맛집', '#제주함덕맛집', '#함덕해수욕장', '#함덕서우봉해변', '#함덕해수욕장맛집', '#함덕흑돼지', '#함덕흑돼지맛집', '#함덕밥집', '#함덕술집', '#함덕맛집추천', '#함덕핫플레이스', '#제주도맛집', '#중문맛집⠀⠀😁😋⠀⠀⠀😋😍😎⠀🤣😁⠀⠀⠀⠀⠀⠀⠀⠀⠀⠀⠀⠀⠀⠀⠀⠀⠀⠀⠀⠀⠀⠀⠀⠀⠀⠀⠀⠀⠀⠀⠀⠀⠀⠀⠀⠀⠀⠀⠀⠀⠀⠀⠀⠀⠀⠀⠀⠀⠀⠀⠀⠀⠀⠀⠀⠀⠀⠀⠀⠀⠀⠀⠀⠀⠀⠀⠀⠀⠀⠀⠀⠀⠀⠀⠀⠀⠀⠀⠀⠀⠀⠀⠀⠀⠀⠀']",2021-08-19,0,
⠀스페셜흑돼지 먹으러ㄲㄲ비주얼 미쳤냐구💓💓흑돼지+전복+딱새우+키조개관자+가리비+버섯맛있는거 다구워줌‼⠀@@딱새우회도 맛있어〰⠀⠀📍제주 제주시 조천읍 함와로 7 뱃도새기📍12:00 - 23:00⠀⠀#함덕맛집 #제주함덕맛집 #함덕해수욕장 #함덕서우봉해변 #함덕해수욕장맛집 #함덕흑돼지 #함덕흑돼지맛집 #함덕밥집 #함덕술집 #함덕맛집추천 #함덕핫플레이스 ⠀⠀⠀#제주도맛집 #중문맛집😋😋⠀⠀🤣🤣⠀⠀😁😍😍😋😁⠀⠀⠀⠀⠀⠀⠀⠀⠀⠀⠀⠀⠀⠀⠀⠀⠀⠀⠀⠀⠀⠀⠀⠀⠀⠀⠀⠀⠀⠀⠀⠀⠀⠀⠀⠀⠀⠀⠀⠀⠀⠀⠀⠀⠀⠀⠀⠀⠀⠀⠀⠀⠀⠀⠀⠀⠀⠀⠀⠀⠀⠀⠀⠀⠀⠀⠀⠀⠀⠀⠀⠀⠀⠀⠀⠀⠀⠀⠀⠀⠀⠀⠀⠀⠀⠀⠀⠀⠀⠀⠀⠀⠀⠀⠀⠀⠀,"['#함덕맛집', '#제주함덕맛집', '#함덕해수욕장', '#함덕서우봉해변', '#함덕해수욕장맛집', '#함덕흑돼지', '#함덕흑돼지맛집', '#함덕밥집', '#함덕술집', '#함덕맛집추천', '#함덕핫플레이스', '#제주도맛집', '#중문맛집😋😋⠀⠀🤣🤣⠀⠀😁😍😍😋😁⠀⠀⠀⠀⠀⠀⠀⠀⠀⠀⠀⠀⠀⠀⠀⠀⠀⠀⠀⠀⠀⠀⠀⠀⠀⠀⠀⠀⠀⠀⠀⠀⠀⠀⠀⠀⠀⠀⠀⠀⠀⠀⠀⠀⠀⠀⠀⠀⠀⠀⠀⠀⠀⠀⠀⠀⠀⠀⠀⠀⠀⠀⠀⠀⠀⠀⠀⠀⠀⠀⠀⠀⠀⠀⠀⠀⠀⠀⠀⠀⠀⠀⠀⠀⠀⠀⠀⠀⠀⠀⠀⠀⠀⠀⠀⠀⠀']",2021-08-19,0,
흑돼지는 함덕 뱃도새기흑돼지+전복+딱새우+키조개관자+가리비+버섯‼스페셜로먹으면 더좋다구💘제주도가서 여기 안가면 손해⠀@@메모해 흑돼지는 뱃도새기👏🏻👏🏻⠀⠀⠀📍제주 제주시 조천읍 함와로 7 뱃도새기📍12:00 - 23:00⠀⠀#함덕맛집 #제주함덕맛집 #함덕해수욕장 #함덕서우봉해변 #함덕해수욕장맛집 #함덕흑돼지 #함덕흑돼지맛집 #함덕밥집 #함덕술집 #함덕맛집추천 #함덕핫플레이스 ⠀⠀#제주도맛집 #중문맛집😋🤣⠀⠀⠀😁😁⠀⠀⠀😁😁😋😍😋⠀⠀⠀⠀⠀⠀⠀⠀⠀⠀⠀⠀⠀⠀⠀⠀⠀⠀⠀⠀⠀⠀⠀⠀⠀⠀⠀⠀⠀⠀⠀⠀⠀⠀⠀⠀⠀⠀⠀⠀⠀⠀⠀⠀⠀⠀⠀⠀⠀⠀⠀⠀⠀⠀⠀⠀⠀⠀⠀⠀⠀⠀⠀⠀⠀⠀⠀⠀⠀⠀⠀⠀⠀⠀⠀⠀⠀⠀⠀⠀⠀⠀⠀⠀⠀⠀⠀⠀⠀⠀⠀⠀⠀⠀⠀⠀⠀⠀⠀⠀⠀⠀⠀⠀⠀⠀,"['#함덕맛집', '#제주함덕맛집', '#함덕해수욕장', '#함덕서우봉해변', '#함덕해수욕장맛집', '#함덕흑돼지', '#함덕흑돼지맛집', '#함덕밥집', '#함덕술집', '#함덕맛집추천', '#함덕핫플레이스', '#제주도맛집', '#중문맛집😋🤣⠀⠀⠀😁😁⠀⠀⠀😁😁😋😍😋⠀⠀⠀⠀⠀⠀⠀⠀⠀⠀⠀⠀⠀⠀⠀⠀⠀⠀⠀⠀⠀⠀⠀⠀⠀⠀⠀⠀⠀⠀⠀⠀⠀⠀⠀⠀⠀⠀⠀⠀⠀⠀⠀⠀⠀⠀⠀⠀⠀⠀⠀⠀⠀⠀⠀⠀⠀⠀⠀⠀⠀⠀⠀⠀⠀⠀⠀⠀⠀⠀⠀⠀⠀⠀⠀⠀⠀⠀⠀⠀⠀⠀⠀⠀⠀⠀⠀⠀⠀⠀⠀⠀⠀⠀⠀⠀⠀⠀⠀⠀⠀⠀⠀⠀⠀⠀']",2021-08-19,116,
흑돼지는 함덕 뱃도새기흑돼지+전복+딱새우+키조개관자+가리비+버섯‼스페셜로먹으면 더좋다구💘제주도가서 여기 안가면 손해⠀@@메모해 흑돼지는 뱃도새기👏🏻👏🏻⠀⠀⠀📍제주 제주시 조천읍 함와로 7 뱃도새기📍12:00 - 23:00⠀⠀#함덕맛집 #제주함덕맛집 #함덕해수욕장 #함덕서우봉해변 #함덕해수욕장맛집 #함덕흑돼지 #함덕흑돼지맛집 #함덕밥집 #함덕술집 #함덕맛집추천 #함덕핫플레이스⠀#제주도맛집 #중문맛집😋⠀⠀😋⠀⠀😁⠀⠀⠀⠀😍😎🤣🤣⠀⠀⠀⠀⠀⠀⠀⠀⠀⠀⠀⠀⠀⠀⠀⠀⠀⠀⠀⠀⠀⠀⠀⠀⠀⠀⠀⠀⠀⠀⠀⠀⠀⠀⠀⠀⠀⠀⠀⠀⠀⠀⠀⠀⠀⠀⠀⠀⠀⠀⠀⠀⠀⠀⠀⠀⠀⠀⠀⠀⠀⠀⠀⠀⠀⠀⠀⠀⠀⠀⠀⠀⠀⠀⠀⠀⠀⠀⠀⠀⠀⠀⠀⠀⠀⠀⠀⠀⠀⠀⠀⠀⠀⠀⠀⠀⠀⠀⠀⠀⠀⠀⠀⠀⠀⠀,"['#함덕맛집', '#제주함덕맛집', '#함덕해수욕장', '#함덕서우봉해변', '#함덕해수욕장맛집', '#함덕흑돼지', '#함덕흑돼지맛집', '#함덕밥집', '#함덕술집', '#함덕맛집추천', '#함덕핫플레이스⠀', '#제주도맛집', '#중문맛집😋⠀⠀😋⠀⠀😁⠀⠀⠀⠀😍😎🤣🤣⠀⠀⠀⠀⠀⠀⠀⠀⠀⠀⠀⠀⠀⠀⠀⠀⠀⠀⠀⠀⠀⠀⠀⠀⠀⠀⠀⠀⠀⠀⠀⠀⠀⠀⠀⠀⠀⠀⠀⠀⠀⠀⠀⠀⠀⠀⠀⠀⠀⠀⠀⠀⠀⠀⠀⠀⠀⠀⠀⠀⠀⠀⠀⠀⠀⠀⠀⠀⠀⠀⠀⠀⠀⠀⠀⠀⠀⠀⠀⠀⠀⠀⠀⠀⠀⠀⠀⠀⠀⠀⠀⠀⠀⠀⠀⠀⠀⠀⠀⠀⠀⠀⠀⠀⠀⠀']",2021-08-19,0,
애월 로드129성게크림파스타흑돼지 멘치카츠흑돼지 치즈돈까스흑돼지 고구마치즈돈까스흑돼지 수제돈까스해물야끼소바재료소진시 조기마감전메뉴 포장가능#애월맛집#제주맛집#애월읍맛집#애월항맛집#제주애월점심#애월맛집추천#제주애월맛집#애월점심추천#애월밥집#제주현지인맛집#제주도민추천맛집#제주도현지인맛집#도민맛집#제주혼밥#제주시맛집#제주도맛집#제주도민맛집#금능맛집#한림맛집#협재맛집#협재해수욕장맛집#곽지해수욕장맛집#더럭분교맛집#애월해안도로#제주서쪽맛집#애월데이트코스#새별오름#애월카페#제주데이트코스,"['#애월맛집', '#제주맛집', '#애월읍맛집', '#애월항맛집', '#제주애월점심', '#애월맛집추천', '#제주애월맛집', '#애월점심추천', '#애월밥집', '#제주현지인맛집', '#제주도민추천맛집', '#제주도현지인맛집', '#도민맛집', '#제주혼밥', '#제주시맛집', '#제주도맛집', '#제주도민맛집', '#금능맛집', '#한림맛집', '#협재맛집', '#협재해수욕장맛집', '#곽지해수욕장맛집', '#더럭분교맛집', '#애월해안도로', '#제주서쪽맛집', '#애월데이트코스', '#새별오름', '#애월카페', '#제주데이트코스']",2021-08-19,0,
애월 바닷가에서 즐기는 갈치조림 ⭐🍴 애월하미🚗 제주 제주시 애월읍 애월북서길 5410:30 - 22:00 / 주차가능⠀⠀⠀애월 바닷가가 한눈에 들어오는 곳!정식 느낌의 푸짐한 상차림👏🏻보는 재미도 있고 맛도 있고 1석2조✨⠀#제주맛집 #애월맛집 #제주도맛집,"['#제주맛집', '#애월맛집', '#제주도맛집']",2021-08-19,13,
#제주필수코스 바다뷰보며 피크닉즐기기🥂제주여행중 이건꼭먹어야해😋#흑돼지박스 포장하고 자동차안 숙소 피크닉 어디서먹어도👍💕.🚘흑돼지박스성산점👉성산읍 신양로100🚘흑돼지박스산방산점👉안덕면사계남로168 .11:00~19:00까지 영업✔재료소진시 조기마감..#제주맛집 #성산일출봉 #산방산 #우도맛집 #제주여행추천 #제주동쪽여행 #제주맛집추천 #월정리해변 #함덕맛집 #함덕해수욕장 #구좌읍맛집추천 #성산읍맛집 #산방산맛집 #성산맛집 #섭지코지맛집 #성산일출봉맛집 #한림맛집 #한림카페 #애월카페 #애월맛집 #제주애월맛집 #서귀포밋집 #제주도맛집,"['#제주필수코스', '#흑돼지박스', '#제주맛집', '#성산일출봉', '#산방산', '#우도맛집', '#제주여행추천', '#제주동쪽여행', '#제주맛집추천', '#월정리해변', '#함덕맛집', '#함덕해수욕장', '#구좌읍맛집추천', '#성산읍맛집', '#산방산맛집', '#성산맛집', '#섭지코지맛집', '#성산일출봉맛집', '#한림맛집', '#한림카페', '#애월카페', '#애월맛집', '#제주애월맛집', '#서귀포밋집', '#제주도맛집']",2021-08-19,3,
"☀제주의 멋과 맛을 모두 즐기시고 싶다면➩✨제주여행의 후회없는 선택➀제주공항 근처 바닷가 바로 앞 풍경맛집➁해녀가 직접 채집하는제주보말, 제주돼지, 제주비트를 재료로 하는 건강맛집 [한라진칼국수]입니다.✅OPEN 9:00✅CLOSE 16:00✅매주 월요일 정기휴무✈제주시 테우해안로32☏TEL 064.711.8525#한라진칼국수 #제주맛집 #제주맛집추천 #제주도맛집 #제주도맛집추천 #제주공항맛집 #제주공항근처맛집 #보말칼국수 #보말칼국수맛집 #제주보말칼국수 #제주보말칼국수맛집 #돔베고기 #제주가족여행 #제주데이트 #제주점심 #제주도민맛집 #이호테우해변맛집 #애월맛집 #애월해안도로맛집 #제주오션뷰맛집 #함덕맛집 #성산일출봉맛집 #협재맛집 #곽지맛집 #한담맛집 #한림맛집 #제주도여행 #제주여행 #제주핫플 #제주아침식사","['#한라진칼국수', '#제주맛집', '#제주맛집추천', '#제주도맛집', '#제주도맛집추천', '#제주공항맛집', '#제주공항근처맛집', '#보말칼국수', '#보말칼국수맛집', '#제주보말칼국수', '#제주보말칼국수맛집', '#돔베고기', '#제주가족여행', '#제주데이트', '#제주점심', '#제주도민맛집', '#이호테우해변맛집', '#애월맛집', '#애월해안도로맛집', '#제주오션뷰맛집', '#함덕맛집', '#성산일출봉맛집', '#협재맛집', '#곽지맛집', '#한담맛집', '#한림맛집', '#제주도여행', '#제주여행', '#제주핫플', '#제주아침식사']",2021-08-19,0,
#제주도여행 이건꼭먹어야해💕도시락 포장후 바다뷰보며 먹는 #흑돼지박스자동차안 숙소 등 어디서든👌..🔹️11:00~19:00까지 영업(재료소진시 마감).🔹️흑돼지박스산방산점👉안덕면사계남로168🔹️흑돼지박스성산점👉성산읍 신양로100..#제주맛집 #제주도맛집 #산방산맛집 #송악산맛집 #산방산카페 #송악산카페 #안덕면맛집 #안덕면카페 #사계해변 #애월카페 #중문관광단지맛집 #오설록맛집 #용머리해안맛집 #성산맛집 #섭지코지맛집 #성산일출봉맛집 #산방산 #서귀포맛집 #중문맛집 #한림맛집 #한림카페 #제주애월맛집 #한경면맛집 #사계맛집 #서귀포회포장 #제주도카페,"['#제주도여행', '#흑돼지박스자동차안', '#제주맛집', '#제주도맛집', '#산방산맛집', '#송악산맛집', '#산방산카페', '#송악산카페', '#안덕면맛집', '#안덕면카페', '#사계해변', '#애월카페', '#중문관광단지맛집', '#오설록맛집', '#용머리해안맛집', '#성산맛집', '#섭지코지맛집', '#성산일출봉맛집', '#산방산', '#서귀포맛집', '#중문맛집', '#한림맛집', '#한림카페', '#제주애월맛집', '#한경면맛집', '#사계맛집', '#서귀포회포장', '#제주도카페']",2021-08-19,4,
꾸르맛‼️무조건 가보라규♥️ 난 또갈거에용,[],2021-08-18,61,
애월 로드129성게크림파스타흑돼지 멘치카츠흑돼지 치즈돈까스흑돼지 고구마치즈돈까스흑돼지 수제돈까스해물야끼소바재료소진시 조기마감전메뉴 포장가능#애월맛집#제주맛집#애월읍맛집#애월항맛집#제주애월점심#애월맛집추천#제주애월맛집#애월점심추천#애월밥집#제주현지인맛집#제주도민추천맛집#제주도현지인맛집#도민맛집#제주혼밥#제주시맛집#제주도맛집#제주도민맛집#금능맛집#한림맛집#협재맛집#협재해수욕장맛집#곽지해수욕장맛집#더럭분교맛집#애월해안도로#제주서쪽맛집#애월데이트코스#새별오름#애월카페#제주데이트코스,"['#애월맛집', '#제주맛집', '#애월읍맛집', '#애월항맛집', '#제주애월점심', '#애월맛집추천', '#제주애월맛집', '#애월점심추천', '#애월밥집', '#제주현지인맛집', '#제주도민추천맛집', '#제주도현지인맛집', '#도민맛집', '#제주혼밥', '#제주시맛집', '#제주도맛집', '#제주도민맛집', '#금능맛집', '#한림맛집', '#협재맛집', '#협재해수욕장맛집', '#곽지해수욕장맛집', '#더럭분교맛집', '#애월해안도로', '#제주서쪽맛집', '#애월데이트코스', '#새별오름', '#애월카페', '#제주데이트코스']",2021-08-19,1,
예쁜닛흐🤎#일상 #데일리 #데일리룩 #오오티디 #아웃핏 #가을옷 #가을니트 #라운드니트 #울니트 #니트코디 #여행 #제주도여행 #제주도맛집 #제주도카페 #서울맛집 #대전맛집 #광주카페 #강원도맛집 #강원도펜션 #경주카페 #황리단길 #황리단길카페 #경주핫플 #캠핑 #캠핑룩 #여행룩 #여친룩 #여친선물추천,"['#일상', '#데일리', '#데일리룩', '#오오티디', '#아웃핏', '#가을옷', '#가을니트', '#라운드니트', '#울니트', '#니트코디', '#여행', '#제주도여행', '#제주도맛집', '#제주도카페', '#서울맛집', '#대전맛집', '#광주카페', '#강원도맛집', '#강원도펜션', '#경주카페', '#황리단길', '#황리단길카페', '#경주핫플', '#캠핑', '#캠핑룩', '#여행룩', '#여친룩', '#여친선물추천']",2021-08-19,7,
"💙폴리 샤인 블라우스🤍.폴리 혼방으로 얇고 시원하게 입을수 있는 블라우스에요. 살짝 오버핏으로 날씬해보이는 효과도 있고, 시원해 보이는 파스텔 톤으로 어디에든 편하게 코디 가능한 디자인이에요☺️..☁️사이즈: 총길이 71 / 가슴단면 56 / 어깨 46 / 소매 53☁️소재 : 폴리혼방 / 신축성 없음 / 안감 없음☁️모델사이즈(S163/49kg) #여름남방 #린넨남방 #린넨블라우스 #청바지코디 #여친룩 #데이트코디 #호캉스 #대구동성로#이태원 #해운대코디#여행코디#제주도여행#제주도맛집#광안리맛집#상무지구맛집#강릉맛집","['#여름남방', '#린넨남방', '#린넨블라우스', '#청바지코디', '#여친룩', '#데이트코디', '#호캉스', '#대구동성로', '#이태원', '#해운대코디', '#여행코디', '#제주도여행', '#제주도맛집', '#광안리맛집', '#상무지구맛집', '#강릉맛집']",2021-08-19,1,
".옥상엔 빈백 정원! 🌤🌊1,2층은 월정 바다가 한눈에 보이는 실내 좌석과 야외 테라스곳곳에 있는 인생샷 포토존까지 즐겨보세요 📸😉제주시 구좌읍 해맞이해안로 406 카페콧수염070-4131-8880매일 모든 메뉴 sold-out 되므로 선착순 판매합니다.방문해주신 모든 분들께 감사드립니다#성산맛집 #월정리해변 #제주도 #제주동쪽카페 #구좌읍카페 #월정리맛집 #제주맛집 #제주 #제주월정리 #제주시카페 #월정리카페 #월정리 #구좌읍 #제주해안도로 #공항근처맛집 #함덕맛집 #월정리카페콧수염 #월정리콧수염 #제주도카페 #제주도선물 #제주월정리카페 #제주도민맛집 #제주도마카롱 #함덕카페 #세화카페 #제주도여행 #제주카페 #월정 #애월맛집 #제주도맛집","['#성산맛집', '#월정리해변', '#제주도', '#제주동쪽카페', '#구좌읍카페', '#월정리맛집', '#제주맛집', '#제주', '#제주월정리', '#제주시카페', '#월정리카페', '#월정리', '#구좌읍', '#제주해안도로', '#공항근처맛집', '#함덕맛집', '#월정리카페콧수염', '#월정리콧수염', '#제주도카페', '#제주도선물', '#제주월정리카페', '#제주도민맛집', '#제주도마카롱', '#함덕카페', '#세화카페', '#제주도여행', '#제주카페', '#월정', '#애월맛집', '#제주도맛집']",2021-08-19,1,
돌아올 오는 날 하늘도 예뻤던 제주,[],2021-08-19,46,
제주도 느낌 뿜뿜카페‼여기는 모든곳이 ✨포토존✨최애카페인데 알랴줌디저트로 빵까지 완벽👏🏻👏🏻⠀@@매일가고싶다ㅠ👩 ❤ 👨⠀📍제주 서귀포시 칠십리로214번길 26 너븐📍11:00 - 08:00⠀#서귀포카페 #서귀포가볼만한곳 #서귀포카페추천#제주핫플레이스 #서귀포맛집추천#서귀포신시가지맛집#서귀포숙소 #제주디저트카페 #제주오션뷰카페#한림카페⠀#제주도맛집 #중문맛집🤣🤣🤣⠀⠀😁😍⠀⠀😎😎⠀⠀😍⠀⠀⠀⠀⠀⠀⠀⠀⠀⠀⠀⠀⠀⠀⠀⠀⠀⠀⠀⠀⠀⠀⠀⠀⠀⠀⠀⠀⠀⠀⠀⠀⠀⠀⠀⠀⠀⠀⠀⠀⠀⠀⠀⠀⠀⠀⠀⠀⠀⠀⠀⠀⠀⠀⠀⠀⠀⠀⠀⠀⠀⠀⠀⠀⠀⠀⠀⠀⠀⠀⠀⠀⠀⠀⠀⠀⠀⠀⠀⠀⠀⠀⠀⠀⠀⠀⠀⠀⠀⠀⠀⠀⠀⠀⠀⠀⠀⠀⠀⠀⠀⠀⠀,"['#서귀포카페', '#서귀포가볼만한곳', '#서귀포카페추천', '#제주핫플레이스', '#서귀포맛집추천', '#서귀포신시가지맛집', '#서귀포숙소', '#제주디저트카페', '#제주오션뷰카페', '#한림카페⠀', '#제주도맛집', '#중문맛집🤣🤣🤣⠀⠀😁😍⠀⠀😎😎⠀⠀😍⠀⠀⠀⠀⠀⠀⠀⠀⠀⠀⠀⠀⠀⠀⠀⠀⠀⠀⠀⠀⠀⠀⠀⠀⠀⠀⠀⠀⠀⠀⠀⠀⠀⠀⠀⠀⠀⠀⠀⠀⠀⠀⠀⠀⠀⠀⠀⠀⠀⠀⠀⠀⠀⠀⠀⠀⠀⠀⠀⠀⠀⠀⠀⠀⠀⠀⠀⠀⠀⠀⠀⠀⠀⠀⠀⠀⠀⠀⠀⠀⠀⠀⠀⠀⠀⠀⠀⠀⠀⠀⠀⠀⠀⠀⠀⠀⠀⠀⠀⠀⠀⠀⠀']",2021-08-19,0,
제주도 느낌 뿜뿜카페‼여기는 모든곳이 ✨포토존✨최애카페인데 알랴줌디저트로 빵까지 완벽👏🏻👏🏻⠀@@매일가고싶다ㅠ👩 ❤ 👨⠀📍제주 서귀포시 칠십리로214번길 26 너븐📍11:00 - 08:00⠀#서귀포카페 #서귀포가볼만한곳 #서귀포카페추천#제주핫플레이스 #서귀포맛집추천#서귀포신시가지맛집#서귀포숙소 #제주디저트카페 #제주오션뷰카페⠀#제주도맛집 #중문맛집⠀⠀⠀🤣😁⠀⠀⠀😋🤣😁⠀⠀⠀😁😎⠀⠀⠀⠀⠀⠀⠀⠀⠀⠀⠀⠀⠀⠀⠀⠀⠀⠀⠀⠀⠀⠀⠀⠀⠀⠀⠀⠀⠀⠀⠀⠀⠀⠀⠀⠀⠀⠀⠀⠀⠀⠀⠀⠀⠀⠀⠀⠀⠀⠀⠀⠀⠀⠀⠀⠀⠀⠀⠀⠀⠀⠀⠀⠀⠀⠀⠀⠀⠀⠀⠀⠀⠀⠀⠀⠀⠀⠀⠀⠀⠀⠀⠀⠀⠀⠀⠀⠀⠀⠀⠀⠀⠀⠀⠀⠀⠀⠀⠀⠀,"['#서귀포카페', '#서귀포가볼만한곳', '#서귀포카페추천', '#제주핫플레이스', '#서귀포맛집추천', '#서귀포신시가지맛집', '#서귀포숙소', '#제주디저트카페', '#제주오션뷰카페⠀', '#제주도맛집', '#중문맛집⠀⠀⠀🤣😁⠀⠀⠀😋🤣😁⠀⠀⠀😁😎⠀⠀⠀⠀⠀⠀⠀⠀⠀⠀⠀⠀⠀⠀⠀⠀⠀⠀⠀⠀⠀⠀⠀⠀⠀⠀⠀⠀⠀⠀⠀⠀⠀⠀⠀⠀⠀⠀⠀⠀⠀⠀⠀⠀⠀⠀⠀⠀⠀⠀⠀⠀⠀⠀⠀⠀⠀⠀⠀⠀⠀⠀⠀⠀⠀⠀⠀⠀⠀⠀⠀⠀⠀⠀⠀⠀⠀⠀⠀⠀⠀⠀⠀⠀⠀⠀⠀⠀⠀⠀⠀⠀⠀⠀⠀⠀⠀⠀⠀⠀']",2021-08-19,0,
제주도 느낌 뿜뿜카페‼여기는 모든곳이 ✨포토존✨최애카페인데 알랴줌디저트로 빵까지 완벽👏🏻👏🏻⠀@@매일가고싶다ㅠ👩 ❤ 👨⠀📍제주 서귀포시 칠십리로214번길 26 너븐📍11:00 - 08:00⠀#서귀포카페 #서귀포가볼만한곳 #서귀포카페추천#제주핫플레이스 #서귀포맛집추천#서귀포신시가지맛집#서귀포숙소 #제주디저트카페 #제주오션뷰카페⠀#제주도맛집 #중문맛집⠀⠀⠀⠀⠀⠀😍⠀😁🤣😎⠀⠀⠀⠀⠀⠀⠀⠀⠀⠀⠀⠀⠀⠀⠀⠀⠀⠀⠀⠀⠀⠀⠀⠀⠀⠀⠀⠀⠀⠀⠀⠀⠀⠀⠀⠀⠀⠀⠀⠀⠀⠀⠀⠀⠀⠀⠀⠀⠀⠀⠀⠀⠀⠀⠀⠀⠀⠀⠀⠀⠀⠀⠀⠀⠀⠀⠀⠀⠀⠀⠀⠀⠀⠀⠀⠀⠀⠀⠀⠀⠀⠀⠀⠀⠀⠀⠀⠀⠀⠀⠀⠀⠀⠀⠀⠀⠀⠀⠀⠀⠀⠀,"['#서귀포카페', '#서귀포가볼만한곳', '#서귀포카페추천', '#제주핫플레이스', '#서귀포맛집추천', '#서귀포신시가지맛집', '#서귀포숙소', '#제주디저트카페', '#제주오션뷰카페⠀', '#제주도맛집', '#중문맛집⠀⠀⠀⠀⠀⠀😍⠀😁🤣😎⠀⠀⠀⠀⠀⠀⠀⠀⠀⠀⠀⠀⠀⠀⠀⠀⠀⠀⠀⠀⠀⠀⠀⠀⠀⠀⠀⠀⠀⠀⠀⠀⠀⠀⠀⠀⠀⠀⠀⠀⠀⠀⠀⠀⠀⠀⠀⠀⠀⠀⠀⠀⠀⠀⠀⠀⠀⠀⠀⠀⠀⠀⠀⠀⠀⠀⠀⠀⠀⠀⠀⠀⠀⠀⠀⠀⠀⠀⠀⠀⠀⠀⠀⠀⠀⠀⠀⠀⠀⠀⠀⠀⠀⠀⠀⠀⠀⠀⠀⠀⠀⠀']",2021-08-19,0,
제주도 느낌 뿜뿜카페‼여기는 모든곳이 ✨포토존✨최애카페인데 알랴줌디저트로 빵까지 완벽👏🏻👏🏻⠀@@매일가고싶다ㅠ👩 ❤ 👨⠀📍제주 서귀포시 칠십리로214번길 26 너븐📍11:00 - 08:00⠀#서귀포카페 #서귀포가볼만한곳 #서귀포카페추천#제주핫플레이스 #서귀포맛집추천#서귀포신시가지맛집#서귀포숙소 #제주디저트카페 #제주오션뷰카페#한림카페⠀#제주도맛집 #중문맛집😎⠀⠀⠀😋⠀⠀⠀⠀😁🤣😋⠀⠀⠀⠀⠀⠀⠀⠀⠀⠀⠀⠀⠀⠀⠀⠀⠀⠀⠀⠀⠀⠀⠀⠀⠀⠀⠀⠀⠀⠀⠀⠀⠀⠀⠀⠀⠀⠀⠀⠀⠀⠀⠀⠀⠀⠀⠀⠀⠀⠀⠀⠀⠀⠀⠀⠀⠀⠀⠀⠀⠀⠀⠀⠀⠀⠀⠀⠀⠀⠀⠀⠀⠀⠀⠀⠀⠀⠀⠀⠀⠀⠀⠀⠀⠀⠀⠀⠀⠀⠀⠀⠀⠀⠀⠀⠀⠀⠀⠀⠀⠀⠀⠀⠀⠀⠀⠀⠀⠀,"['#서귀포카페', '#서귀포가볼만한곳', '#서귀포카페추천', '#제주핫플레이스', '#서귀포맛집추천', '#서귀포신시가지맛집', '#서귀포숙소', '#제주디저트카페', '#제주오션뷰카페', '#한림카페⠀', '#제주도맛집', '#중문맛집😎⠀⠀⠀😋⠀⠀⠀⠀😁🤣😋⠀⠀⠀⠀⠀⠀⠀⠀⠀⠀⠀⠀⠀⠀⠀⠀⠀⠀⠀⠀⠀⠀⠀⠀⠀⠀⠀⠀⠀⠀⠀⠀⠀⠀⠀⠀⠀⠀⠀⠀⠀⠀⠀⠀⠀⠀⠀⠀⠀⠀⠀⠀⠀⠀⠀⠀⠀⠀⠀⠀⠀⠀⠀⠀⠀⠀⠀⠀⠀⠀⠀⠀⠀⠀⠀⠀⠀⠀⠀⠀⠀⠀⠀⠀⠀⠀⠀⠀⠀⠀⠀⠀⠀⠀⠀⠀⠀⠀⠀⠀⠀⠀⠀⠀⠀⠀⠀⠀⠀']",2021-08-19,0,
제주도 느낌 뿜뿜카페‼여기는 모든곳이 ✨포토존✨최애카페인데 알랴줌디저트로 빵까지 완벽👏🏻👏🏻⠀@@매일가고싶다ㅠ👩 ❤ 👨⠀📍제주 서귀포시 칠십리로214번길 26 너븐📍11:00 - 08:00⠀#서귀포카페 #서귀포가볼만한곳 #서귀포카페추천#제주핫플레이스 #서귀포맛집추천#서귀포신시가지맛집#서귀포숙소 #제주디저트카페 #제주오션뷰카페#한림카페⠀#제주도맛집 #중문맛집⠀⠀⠀😁😁⠀⠀⠀😁😁😋😋😋⠀⠀⠀⠀⠀⠀⠀⠀⠀⠀⠀⠀⠀⠀⠀⠀⠀⠀⠀⠀⠀⠀⠀⠀⠀⠀⠀⠀⠀⠀⠀⠀⠀⠀⠀⠀⠀⠀⠀⠀⠀⠀⠀⠀⠀⠀⠀⠀⠀⠀⠀⠀⠀⠀⠀⠀⠀⠀⠀⠀⠀⠀⠀⠀⠀⠀⠀⠀⠀⠀⠀⠀⠀⠀⠀⠀⠀⠀⠀⠀⠀⠀⠀⠀⠀⠀⠀⠀⠀⠀⠀⠀⠀⠀⠀⠀⠀⠀⠀⠀,"['#서귀포카페', '#서귀포가볼만한곳', '#서귀포카페추천', '#제주핫플레이스', '#서귀포맛집추천', '#서귀포신시가지맛집', '#서귀포숙소', '#제주디저트카페', '#제주오션뷰카페', '#한림카페⠀', '#제주도맛집', '#중문맛집⠀⠀⠀😁😁⠀⠀⠀😁😁😋😋😋⠀⠀⠀⠀⠀⠀⠀⠀⠀⠀⠀⠀⠀⠀⠀⠀⠀⠀⠀⠀⠀⠀⠀⠀⠀⠀⠀⠀⠀⠀⠀⠀⠀⠀⠀⠀⠀⠀⠀⠀⠀⠀⠀⠀⠀⠀⠀⠀⠀⠀⠀⠀⠀⠀⠀⠀⠀⠀⠀⠀⠀⠀⠀⠀⠀⠀⠀⠀⠀⠀⠀⠀⠀⠀⠀⠀⠀⠀⠀⠀⠀⠀⠀⠀⠀⠀⠀⠀⠀⠀⠀⠀⠀⠀⠀⠀⠀⠀⠀⠀']",2021-08-19,0,
제주도 느낌 뿜뿜카페‼여기는 모든곳이 ✨포토존✨최애카페인데 알랴줌디저트로 빵까지 완벽👏🏻👏🏻⠀@@매일가고싶다ㅠ👩 ❤ 👨⠀📍제주 서귀포시 칠십리로214번길 26 너븐📍11:00 - 08:00⠀#서귀포카페 #서귀포가볼만한곳 #서귀포카페추천#제주핫플레이스 #서귀포맛집추천#서귀포신시가지맛집#서귀포숙소 #제주디저트카페 #제주오션뷰카페⠀#제주도맛집 #중문맛집🤣⠀⠀⠀😎😍😁⠀⠀⠀⠀🤣⠀⠀😎😋⠀⠀⠀⠀⠀⠀⠀⠀⠀⠀⠀⠀⠀⠀⠀⠀⠀⠀⠀⠀⠀⠀⠀⠀⠀⠀⠀⠀⠀⠀⠀⠀⠀⠀⠀⠀⠀⠀⠀⠀⠀⠀⠀⠀⠀⠀⠀⠀⠀⠀⠀⠀⠀⠀⠀⠀⠀⠀⠀⠀⠀⠀⠀⠀⠀⠀⠀⠀⠀⠀⠀⠀⠀⠀⠀⠀⠀⠀⠀⠀⠀⠀⠀⠀⠀⠀⠀⠀⠀⠀⠀⠀⠀⠀⠀⠀⠀⠀⠀⠀⠀⠀⠀⠀⠀⠀⠀,"['#서귀포카페', '#서귀포가볼만한곳', '#서귀포카페추천', '#제주핫플레이스', '#서귀포맛집추천', '#서귀포신시가지맛집', '#서귀포숙소', '#제주디저트카페', '#제주오션뷰카페⠀', '#제주도맛집', '#중문맛집🤣⠀⠀⠀😎😍😁⠀⠀⠀⠀🤣⠀⠀😎😋⠀⠀⠀⠀⠀⠀⠀⠀⠀⠀⠀⠀⠀⠀⠀⠀⠀⠀⠀⠀⠀⠀⠀⠀⠀⠀⠀⠀⠀⠀⠀⠀⠀⠀⠀⠀⠀⠀⠀⠀⠀⠀⠀⠀⠀⠀⠀⠀⠀⠀⠀⠀⠀⠀⠀⠀⠀⠀⠀⠀⠀⠀⠀⠀⠀⠀⠀⠀⠀⠀⠀⠀⠀⠀⠀⠀⠀⠀⠀⠀⠀⠀⠀⠀⠀⠀⠀⠀⠀⠀⠀⠀⠀⠀⠀⠀⠀⠀⠀⠀⠀⠀⠀⠀⠀⠀⠀']",2021-08-19,0,
제주 오일장중에 내가 제일로 꼽는 서귀포향토오일시장🥰육지에서 손님와서 양념게장 좀 사고 식사🍲테이블 번호는 자고로 화투가 간지지요🤫 푸짐하고 맛있는 본전식당 따봉👍🏻,[],2021-08-19,7,
"뒷트임이 뽀인트!슬랙스, 청바지에도 어울리고,나시 하나로 매력적인 스타일링 가능한 제품이에요:)🍋🏷상의: 칩스언발 랩나시🏷하의: 썸머 와이드 슬랙스",[],2021-08-19,0,
"#해녀짬뽕오늘 제가 소개해드릴 맛집은 짬뽕 전문점입니다짬뽕으로 유명한 가게라고 해서 가게 된 맛집인데요여기를 통해서 또다시 정말 주위 맛집 추천정보는 믿고 못가겠네요..직접 제가 가보고 맛있게 음식을 맛본 곳이 그게 진짜 맛집이란 생각이 드네요여기선 주메뉴인 해녀짬뽕과 탕수육을 시켜먹었어요그냥 그저 그런 맛이였어요국물은 일반 짬뽕처럼 얼큰하고 시원한 맛이였고, 안에 든 면과 해산물은 특별함은 못느꼇네요면도 굵어서 별로 였고.. 아 문어는 되게 맛있더라구요 그뿐이였습니다탕수육은 왜 이리 눅눅한건지 소스맛도 별로고. 여튼 맛집이라 너무 기대했던 탓일까 비추였습니다 음식도 비싼편인데 돈이 아까웠던 가게였네요My evaluation.🙋🏻‍♂️Favor-4.5/10Vibe-5.0/10Service-5.0/10",['#해녀짬뽕오늘'],2021-08-19,3,
(광고)멜조림의 원조맛집 ! 제주공항에서 5분 제주육대표~ 🥰일반 고깃집 멜젓이 아닌 멜(멸치)이 통채로 들어가 있는 제주 육대표에서 먹을 수 있는 jmt 이색먹방504시간 숙성한 흑돼지에 멜조림+흑돼지 조합 끝내줌!👍👇🧭 제주육대표🗺 제주 제주시 일주서로 7895📞 064-747-0092#제주공항근처맛집 #제주도맛집#제주흑돼지맛집#제주도흑돼지맛집#제주도맛집베스트 #드림타워맛집#제주도맛집투어 #제주도맛집여행#이호테우맛집 #이호테우근처맛집#이호테우해변#이호테우해변맛집,"['#제주공항근처맛집', '#제주도맛집', '#제주흑돼지맛집', '#제주도흑돼지맛집', '#제주도맛집베스트', '#드림타워맛집', '#제주도맛집투어', '#제주도맛집여행', '#이호테우맛집', '#이호테우근처맛집', '#이호테우해변', '#이호테우해변맛집']",2021-08-19,0,
(광고)멜조림의 원조맛집 ! 제주공항에서 5분 제주육대표~ 🥰일반 고깃집 멜젓이 아닌 멜(멸치)이 통채로 들어가 있는 제주 육대표에서 먹을 수 있는 jmt 이색먹방504시간 숙성한 흑돼지에 멜조림+흑돼지 조합 끝내줌!👍👇🧭 제주육대표🗺 제주 제주시 일주서로 7895📞 064-747-0092#제주공항근처맛집 #제주도맛집#제주흑돼지맛집#제주도흑돼지맛집#제주도맛집베스트 #드림타워맛집#제주도맛집투어 #제주도맛집여행#이호테우맛집 #이호테우근처맛집#이호테우해변#이호테우해변맛집,"['#제주공항근처맛집', '#제주도맛집', '#제주흑돼지맛집', '#제주도흑돼지맛집', '#제주도맛집베스트', '#드림타워맛집', '#제주도맛집투어', '#제주도맛집여행', '#이호테우맛집', '#이호테우근처맛집', '#이호테우해변', '#이호테우해변맛집']",2021-08-19,0,
#제주도 .가장맛있는건어물집제주시 우정로60.#한림맛집#서귀포#제주기념품#협재맛집#협재해수욕장#협재#협재술집#곽지맛집#곽지해수욕장#제주도맛집#제주가볼만한곳#제주맛집추천#제주시맛집#제주도민맛집#제주여행코스#애월가볼만한곳#제주해안도로#한담해변#제주바다#협재해변#애월맛집#제주해변#제주선물#제주도기념품#제주핫플 #제주도핫플#제주여행중#여행에미치다_제주#먹스타그램🍴,"['#제주도', '#한림맛집', '#서귀포', '#제주기념품', '#협재맛집', '#협재해수욕장', '#협재', '#협재술집', '#곽지맛집', '#곽지해수욕장', '#제주도맛집', '#제주가볼만한곳', '#제주맛집추천', '#제주시맛집', '#제주도민맛집', '#제주여행코스', '#애월가볼만한곳', '#제주해안도로', '#한담해변', '#제주바다', '#협재해변', '#애월맛집', '#제주해변', '#제주선물', '#제주도기념품', '#제주핫플', '#제주도핫플', '#제주여행중', '#여행에미치다_제주', '#먹스타그램🍴']",2021-08-19,2,
(광고)멜조림의 원조맛집 ! 제주공항에서 5분 제주육대표~ 🥰일반 고깃집 멜젓이 아닌 멜(멸치)이 통채로 들어가 있는 제주 육대표에서 먹을 수 있는 jmt 이색먹방504시간 숙성한 흑돼지에 멜조림+흑돼지 조합 끝내줌!👍👇🧭 제주육대표🗺 제주 제주시 일주서로 7895📞 064-747-0092#제주공항근처맛집 #제주도맛집#제주흑돼지맛집#제주도흑돼지맛집#제주도맛집베스트 #드림타워맛집#제주도맛집투어 #제주도맛집여행#이호테우맛집 #이호테우근처맛집#이호테우해변#이호테우해변맛집,"['#제주공항근처맛집', '#제주도맛집', '#제주흑돼지맛집', '#제주도흑돼지맛집', '#제주도맛집베스트', '#드림타워맛집', '#제주도맛집투어', '#제주도맛집여행', '#이호테우맛집', '#이호테우근처맛집', '#이호테우해변', '#이호테우해변맛집']",2021-08-19,0,
#제주도 .가장맛있는건어물집제주시 우정로60.#한림맛집#서귀포#제주기념품#협재맛집#협재해수욕장#협재#협재술집#곽지맛집#곽지해수욕장#제주도맛집#제주가볼만한곳#제주맛집추천#제주시맛집#제주도민맛집#제주여행코스#애월가볼만한곳#제주해안도로#한담해변#제주바다#협재해변#애월맛집#제주해변#제주선물#제주도기념품#제주핫플 #제주도핫플#제주여행중#여행에미치다_제주#먹스타그램🍴,"['#제주도', '#한림맛집', '#서귀포', '#제주기념품', '#협재맛집', '#협재해수욕장', '#협재', '#협재술집', '#곽지맛집', '#곽지해수욕장', '#제주도맛집', '#제주가볼만한곳', '#제주맛집추천', '#제주시맛집', '#제주도민맛집', '#제주여행코스', '#애월가볼만한곳', '#제주해안도로', '#한담해변', '#제주바다', '#협재해변', '#애월맛집', '#제주해변', '#제주선물', '#제주도기념품', '#제주핫플', '#제주도핫플', '#제주여행중', '#여행에미치다_제주', '#먹스타그램🍴']",2021-08-19,1,
(광고)멜조림의 원조맛집 ! 제주공항에서 5분 제주육대표~ 🥰일반 고깃집 멜젓이 아닌 멜(멸치)이 통채로 들어가 있는 제주 육대표에서 먹을 수 있는 jmt 이색먹방504시간 숙성한 흑돼지에 멜조림+흑돼지 조합 끝내줌!👍👇🧭 제주육대표🗺 제주 제주시 일주서로 7895📞 064-747-0092#제주공항근처맛집 #제주도맛집#제주흑돼지맛집#제주도흑돼지맛집#제주도맛집베스트 #드림타워맛집#제주도맛집투어 #제주도맛집여행#이호테우맛집 #이호테우근처맛집#이호테우해변#이호테우해변맛집,"['#제주공항근처맛집', '#제주도맛집', '#제주흑돼지맛집', '#제주도흑돼지맛집', '#제주도맛집베스트', '#드림타워맛집', '#제주도맛집투어', '#제주도맛집여행', '#이호테우맛집', '#이호테우근처맛집', '#이호테우해변', '#이호테우해변맛집']",2021-08-19,0,
(광고)멜조림의 원조맛집 ! 제주공항에서 5분 제주육대표~ 🥰일반 고깃집 멜젓이 아닌 멜(멸치)이 통채로 들어가 있는 제주 육대표에서 먹을 수 있는 jmt 이색먹방504시간 숙성한 흑돼지에 멜조림+흑돼지 조합 끝내줌!👍👇🧭 제주육대표🗺 제주 제주시 일주서로 7895📞 064-747-0092#제주공항근처맛집 #제주도맛집#제주흑돼지맛집#제주도흑돼지맛집#제주도맛집베스트 #드림타워맛집#제주도맛집투어 #제주도맛집여행#이호테우맛집 #이호테우근처맛집#이호테우해변#이호테우해변맛집,"['#제주공항근처맛집', '#제주도맛집', '#제주흑돼지맛집', '#제주도흑돼지맛집', '#제주도맛집베스트', '#드림타워맛집', '#제주도맛집투어', '#제주도맛집여행', '#이호테우맛집', '#이호테우근처맛집', '#이호테우해변', '#이호테우해변맛집']",2021-08-19,0,
(광고)멜조림의 원조맛집 ! 제주공항에서 5분 제주육대표~ 🥰일반 고깃집 멜젓이 아닌 멜(멸치)이 통채로 들어가 있는 제주 육대표에서 먹을 수 있는 jmt 이색먹방504시간 숙성한 흑돼지에 멜조림+흑돼지 조합 끝내줌!👍👇🧭 제주육대표🗺 제주 제주시 일주서로 7895📞 064-747-0092#제주공항근처맛집 #제주도맛집#제주흑돼지맛집#제주도흑돼지맛집#제주도맛집베스트 #드림타워맛집#제주도맛집투어 #제주도맛집여행#이호테우맛집 #이호테우근처맛집#이호테우해변#이호테우해변맛집,"['#제주공항근처맛집', '#제주도맛집', '#제주흑돼지맛집', '#제주도흑돼지맛집', '#제주도맛집베스트', '#드림타워맛집', '#제주도맛집투어', '#제주도맛집여행', '#이호테우맛집', '#이호테우근처맛집', '#이호테우해변', '#이호테우해변맛집']",2021-08-19,0,
(광고)멜조림의 원조맛집 ! 제주공항에서 5분 제주육대표~ 🥰일반 고깃집 멜젓이 아닌 멜(멸치)이 통채로 들어가 있는 제주 육대표에서 먹을 수 있는 jmt 이색먹방504시간 숙성한 흑돼지에 멜조림+흑돼지 조합 끝내줌!👍👇🧭 제주육대표🗺 제주 제주시 일주서로 7895📞 064-747-0092#제주공항근처맛집 #제주도맛집#제주흑돼지맛집#제주도흑돼지맛집#제주도맛집베스트 #드림타워맛집#제주도맛집투어 #제주도맛집여행#이호테우맛집 #이호테우근처맛집#이호테우해변#이호테우해변맛집,"['#제주공항근처맛집', '#제주도맛집', '#제주흑돼지맛집', '#제주도흑돼지맛집', '#제주도맛집베스트', '#드림타워맛집', '#제주도맛집투어', '#제주도맛집여행', '#이호테우맛집', '#이호테우근처맛집', '#이호테우해변', '#이호테우해변맛집']",2021-08-19,0,
#제주도 .가장맛있는건어물집제주시 우정로60.#한림맛집#서귀포#제주기념품#협재맛집#협재해수욕장#협재#협재술집#곽지맛집#곽지해수욕장#제주도맛집#제주가볼만한곳#제주맛집추천#제주시맛집#제주도민맛집#제주여행코스#애월가볼만한곳#제주해안도로#한담해변#제주바다#협재해변#애월맛집#제주해변#제주선물#제주도기념품#제주핫플 #제주도핫플#제주여행중#여행에미치다_제주#먹스타그램🍴,"['#제주도', '#한림맛집', '#서귀포', '#제주기념품', '#협재맛집', '#협재해수욕장', '#협재', '#협재술집', '#곽지맛집', '#곽지해수욕장', '#제주도맛집', '#제주가볼만한곳', '#제주맛집추천', '#제주시맛집', '#제주도민맛집', '#제주여행코스', '#애월가볼만한곳', '#제주해안도로', '#한담해변', '#제주바다', '#협재해변', '#애월맛집', '#제주해변', '#제주선물', '#제주도기념품', '#제주핫플', '#제주도핫플', '#제주여행중', '#여행에미치다_제주', '#먹스타그램🍴']",2021-08-19,1,
(광고)멜조림의 원조맛집 ! 제주공항에서 5분 제주육대표~ 🥰일반 고깃집 멜젓이 아닌 멜(멸치)이 통채로 들어가 있는 제주 육대표에서 먹을 수 있는 jmt 이색먹방504시간 숙성한 흑돼지에 멜조림+흑돼지 조합 끝내줌!👍👇🧭 제주육대표🗺 제주 제주시 일주서로 7895📞 064-747-0092#제주공항근처맛집 #제주도맛집#제주흑돼지맛집#제주도흑돼지맛집#제주도맛집베스트 #드림타워맛집#제주도맛집투어 #제주도맛집여행#이호테우맛집 #이호테우근처맛집#이호테우해변#이호테우해변맛집,"['#제주공항근처맛집', '#제주도맛집', '#제주흑돼지맛집', '#제주도흑돼지맛집', '#제주도맛집베스트', '#드림타워맛집', '#제주도맛집투어', '#제주도맛집여행', '#이호테우맛집', '#이호테우근처맛집', '#이호테우해변', '#이호테우해변맛집']",2021-08-19,0,
고기국수도 국수지만 육전이 기가 막힌곳#먹돌주소: 제주 제주시 월성로 26...#제주도맛집 #제주맛집 #제주공항근처맛집 #제주도여행 #제주도고기국수 #제주도고기국수클라스#제주국수 #제주여행 #제주가볼만한곳 #제주도가볼만한곳 #제주도먹방 #제주도 #제주 #제주도카페 #제주카페,"['#먹돌주소:', '#제주도맛집', '#제주맛집', '#제주공항근처맛집', '#제주도여행', '#제주도고기국수', '#제주도고기국수클라스', '#제주국수', '#제주여행', '#제주가볼만한곳', '#제주도가볼만한곳', '#제주도먹방', '#제주도', '#제주', '#제주도카페', '#제주카페']",2021-08-19,1,
#애월읍맛집 .제주시 우정로60 가게앞 주차가능합니다✈️.#종달리#목화휴게소#제주동문시장맛집 #제주살이#제주도맛집 #제주살이 #제주라이프 #제주도민 #제주도민맛집 #제주맛집투어#제주동문시장 #제주한달살기#제주호텔#아라동맛집 #삼화지구맛집 #노형맛집 #연동맛집 #용담해안도로#구엄리돌염전 #제주일몰 #구엄포구 #제주돌담집#비오는날제주#제주플리마켓#제주,"['#애월읍맛집', '#종달리', '#목화휴게소', '#제주동문시장맛집', '#제주살이', '#제주도맛집', '#제주살이', '#제주라이프', '#제주도민', '#제주도민맛집', '#제주맛집투어', '#제주동문시장', '#제주한달살기', '#제주호텔', '#아라동맛집', '#삼화지구맛집', '#노형맛집', '#연동맛집', '#용담해안도로', '#구엄리돌염전', '#제주일몰', '#구엄포구', '#제주돌담집', '#비오는날제주', '#제주플리마켓', '#제주']",2021-08-19,1,
오빠가 먹고싶어하던 고기국수😆점심 시간 약간 지나서 가니한산하니 좋았음👍#앙끄레국수 #제주고기국수 #고기국수 #비빔국수 #멸치국수 #돔베고기 #점심식사 #제주도맛집 #제주도 #여행중,"['#앙끄레국수', '#제주고기국수', '#고기국수', '#비빔국수', '#멸치국수', '#돔베고기', '#점심식사', '#제주도맛집', '#제주도', '#여행중']",2021-08-19,2,
#애월읍맛집 .제주시 우정로60 가게앞 주차가능합니다✈️.#종달리#목화휴게소#제주동문시장맛집 #제주살이#제주도맛집 #제주살이 #제주라이프 #제주도민 #제주도민맛집 #제주맛집투어#제주동문시장 #제주한달살기#제주호텔#아라동맛집 #삼화지구맛집 #노형맛집 #연동맛집 #용담해안도로#구엄리돌염전 #제주일몰 #구엄포구 #제주돌담집#비오는날제주#제주플리마켓#제주,"['#애월읍맛집', '#종달리', '#목화휴게소', '#제주동문시장맛집', '#제주살이', '#제주도맛집', '#제주살이', '#제주라이프', '#제주도민', '#제주도민맛집', '#제주맛집투어', '#제주동문시장', '#제주한달살기', '#제주호텔', '#아라동맛집', '#삼화지구맛집', '#노형맛집', '#연동맛집', '#용담해안도로', '#구엄리돌염전', '#제주일몰', '#구엄포구', '#제주돌담집', '#비오는날제주', '#제주플리마켓', '#제주']",2021-08-19,1,
"#제주맛집 #데미안 #돈가스우연히 찾은 제주도의 돈가스 맛집 데미안에 다녀왔습니다. 11시 반즘에 갔는데 웨이팅 50분 정도 했어요 ㅠㅠ제가 먹은 돈가스 중에 최고로 맛있던 첫 입이었습니다! 바삭바삭에 고기가 입에서 살살 녹아요🤍돈가스 무한리필인데 저는 두 조각으로 배불러서 추가로 더 못 먹었어요!에피타이저로 전복죽 주는 곳,,,치즈돈가스 2조각 시켜서 같이 먹을 수 있습니다. 일인당 하나씩 후식 음료도 주시는데 감귤 주스 추천해요!저번주에 이사해서 완전 신축건물에 예쁜 디자인, 통창이에요! 뷰도 맛좋은 곳완전 추천합니다!🚗주차되는데 인기가 워낙 많아서 주차장이 만석이네요ㅠㅠ💸돈가스 정식 12000원치즈돈가스 2조각 3000원","['#제주맛집', '#데미안', '#돈가스우연히']",2021-08-19,13,
오빠가 먹고싶어하던 고기국수😆점심 시간 약간 지나서 가니한산하니 좋았음👍#앙끄레국수 #제주고기국수 #고기국수 #비빔국수 #멸치국수 #돔베고기 #점심식사 #제주도맛집 #제주도 #여행중,"['#앙끄레국수', '#제주고기국수', '#고기국수', '#비빔국수', '#멸치국수', '#돔베고기', '#점심식사', '#제주도맛집', '#제주도', '#여행중']",2021-08-19,2,
빵빵빵순이🍞.#제주도맛집 #제주빵집 #제주선물추천 #오누큐브 #오메기식빵 #한라봉식빵,"['#제주도맛집', '#제주빵집', '#제주선물추천', '#오누큐브', '#오메기식빵', '#한라봉식빵']",2021-08-19,5,
애월 로드129성게크림파스타흑돼지 멘치카츠흑돼지 치즈돈까스흑돼지 고구마치즈돈까스흑돼지 수제돈까스해물야끼소바재료소진시 조기마감전메뉴 포장가능#애월맛집#제주맛집#애월읍맛집#애월항맛집#제주애월점심#애월맛집추천#제주애월맛집#애월점심추천#애월밥집#제주현지인맛집#제주도민추천맛집#제주도현지인맛집#도민맛집#제주혼밥#제주시맛집#제주도맛집#금능맛집#한림맛집#협재맛집#협재해수욕장맛집#곽지해수욕장맛집#더럭분교맛집#애월해안도로#제주서쪽맛집#애월데이트코스#새별오름#애월카페,"['#애월맛집', '#제주맛집', '#애월읍맛집', '#애월항맛집', '#제주애월점심', '#애월맛집추천', '#제주애월맛집', '#애월점심추천', '#애월밥집', '#제주현지인맛집', '#제주도민추천맛집', '#제주도현지인맛집', '#도민맛집', '#제주혼밥', '#제주시맛집', '#제주도맛집', '#금능맛집', '#한림맛집', '#협재맛집', '#협재해수욕장맛집', '#곽지해수욕장맛집', '#더럭분교맛집', '#애월해안도로', '#제주서쪽맛집', '#애월데이트코스', '#새별오름', '#애월카페']",2021-08-19,0,
뭐하러 돌아다니는지 ~딱 내스탈 음식으로 대접받는기분 사장님 귀엽다고 만원깍아줌 ㅋ이나이에 기분은나쁘지않네 너무많아서 찍다가까먹었음  채은이랑 또가야쥐^^ #제주도맛집 #코스요리 #먹방찍다옴 #사장님과약속ㅋ #잘먹었습니다,"['#제주도맛집', '#코스요리', '#먹방찍다옴', '#사장님과약속ㅋ', '#잘먹었습니다']",2021-08-19,2,
집구석 제주도 여행 끝 -🌼,[],2021-08-19,93,
#제주한달살이 #제주일상..#사이분식맛난떡볶이와 순대그중에서나는순대~~~이게 맛나네~~..떡볶이는 남편과 나는 한점먹기쉽지않다.너네  떡볶이 안먹는다며....#livinginjejuislandforamonth#여행일상 #제주살이#제주시 #협재 #협재해수욕장 #jeju #제주바다 #제주도민맛집#제주맛집 #협재맛집#일상 #일상소통#제주도맛집 #today#제주여행 #협재일상#제주 #jeju #jeju일상#제주도 #제주한달살이일상#day#daily#데일리#일상공유 #today#좋아요 #팔로우,"['#제주한달살이', '#제주일상..', '#사이분식맛난떡볶이와', '#livinginjejuislandforamonth', '#여행일상', '#제주살이', '#제주시', '#협재', '#협재해수욕장', '#jeju', '#제주바다', '#제주도민맛집', '#제주맛집', '#협재맛집', '#일상', '#일상소통', '#제주도맛집', '#today', '#제주여행', '#협재일상', '#제주', '#jeju', '#jeju일상', '#제주도', '#제주한달살이일상', '#day', '#daily', '#데일리', '#일상공유', '#today', '#좋아요', '#팔로우']",2021-08-19,10,
애월 로드129성게크림파스타흑돼지 멘치카츠흑돼지 치즈돈까스흑돼지 고구마치즈돈까스흑돼지 수제돈까스해물야끼소바재료소진시 조기마감전메뉴 포장가능#애월맛집#제주맛집#애월읍맛집#애월항맛집#제주애월점심#애월맛집추천#제주애월맛집#애월점심추천#애월밥집#제주현지인맛집#제주도민추천맛집#제주도현지인맛집#도민맛집#제주혼밥#제주시맛집#제주도맛집#금능맛집#한림맛집#협재맛집#협재해수욕장맛집#곽지해수욕장맛집#더럭분교맛집#애월해안도로#제주서쪽맛집#애월데이트코스#새별오름#애월카페,"['#애월맛집', '#제주맛집', '#애월읍맛집', '#애월항맛집', '#제주애월점심', '#애월맛집추천', '#제주애월맛집', '#애월점심추천', '#애월밥집', '#제주현지인맛집', '#제주도민추천맛집', '#제주도현지인맛집', '#도민맛집', '#제주혼밥', '#제주시맛집', '#제주도맛집', '#금능맛집', '#한림맛집', '#협재맛집', '#협재해수욕장맛집', '#곽지해수욕장맛집', '#더럭분교맛집', '#애월해안도로', '#제주서쪽맛집', '#애월데이트코스', '#새별오름', '#애월카페']",2021-08-19,0,
🏝 제주도 현장답사후 친구 펜션에서 하루묵기@goyo_jeju_...............#제주도 #제주여행 #고요제주 #제주펜션 #불멍 #제주도리모델링 #제주도맛집 #제주도카페 #제주도숙소 #제주도게스트하우스,"['#제주도', '#제주여행', '#고요제주', '#제주펜션', '#불멍', '#제주도리모델링', '#제주도맛집', '#제주도카페', '#제주도숙소', '#제주도게스트하우스']",2021-08-19,17,
#제주호랭이오늘 제가 소개해드릴 맛집은 도너츠 전문점입니다가게 분위기가 너무 이끌려 들어가게 된 맛집인데요빵도 너무나 다양한 종류들로 먹음직스럽게 진열되어 있었어요그렇게 6개를 골라 한박스에 담아서 가져가게 되었네요그러고 직장 동료들과 나눠먹었는데요골라먹는 재미도 있고 안에 크림도 듬뿍 들어서 부드러우면서도 달달하이 맛있게 잘먹었어요My evaluation.🙋🏻‍♂️Favor-8.0/10Vive-8.0/10Service-8.0/10,['#제주호랭이오늘'],2021-08-19,3,
.빨주노초파보 🌈쫀득쫀득 꼬끄에 맛있는 필링🤤✨월정 바다와 함께일 때 더 빛이 나는 무지개 수카롱 ❤️🧡💛💚💙💜제주시 구좌읍 해맞이해안로 406 카페콧수염070-4131-8880매일 모든 메뉴 sold-out 되므로 선착순 판매합니다.방문해주신 모든 분들께 감사드립니다#제주도마카롱 #월정리맛집 #성산일출봉맛집 #애월맛집 #제주도 #월정리콧수염 #월정리카페콧수염 #제주카페투어 #제주애견동반카페 #성산맛집 #함덕맛집 #월정 #제주도민맛집 #제주도선물 #제주맛집 #제주여행 #제주도카페 #제주시카페 #제주월정리 #제주카페추천 #월정리카페 #제주 #제주월정리카페 #월정리카페거리 #제주피크닉 #구좌읍맛집 #구좌읍카페 #제주도맛집 #제주카페 #월정리,"['#제주도마카롱', '#월정리맛집', '#성산일출봉맛집', '#애월맛집', '#제주도', '#월정리콧수염', '#월정리카페콧수염', '#제주카페투어', '#제주애견동반카페', '#성산맛집', '#함덕맛집', '#월정', '#제주도민맛집', '#제주도선물', '#제주맛집', '#제주여행', '#제주도카페', '#제주시카페', '#제주월정리', '#제주카페추천', '#월정리카페', '#제주', '#제주월정리카페', '#월정리카페거리', '#제주피크닉', '#구좌읍맛집', '#구좌읍카페', '#제주도맛집', '#제주카페', '#월정리']",2021-08-19,2,
"함덕해수욕장에서 차타고 1-2분거리 한번에 다섯가지를 먹을 수 있는 곳후식으로 우도땅콩아이스림까지 !!메뉴 : 안녕제주한상, 한라산을 품다, 뿔소라전복비빔밥, 뿔소라국수, 전복죽, 어린이한상위치 : 함덕 18길19영업시간 : 오전10시~오후7시20분함덕 맛집 안녕제주 많은 방문 부탁드립니다~ㅎㅎ#제주도 #제주도핫플 #제주맛집 #제주도맛집 #제주도현지인맛집 #제주현지인맛집 #제주현지인추천맛집 #함덕 #함덕맛집 #함덕해수욕장근처맛집 #함덕해변 #함덕해수욕장맛집 #함덕카페 #함덕소노벨리조트 #제주도여행 #제주도민맛집 #흑돼지 #우도땅콩아이스크림 #먹방 #함덕맛집탐방 #혼밥스타그램 #안녕제주 #함덕혼밥 #함덕해수욕장 #함덕현지인맛집 #함덕맛집추천 #제주함덕맛집 #함덕전복죽 #함덕어린이메뉴","['#제주도', '#제주도핫플', '#제주맛집', '#제주도맛집', '#제주도현지인맛집', '#제주현지인맛집', '#제주현지인추천맛집', '#함덕', '#함덕맛집', '#함덕해수욕장근처맛집', '#함덕해변', '#함덕해수욕장맛집', '#함덕카페', '#함덕소노벨리조트', '#제주도여행', '#제주도민맛집', '#흑돼지', '#우도땅콩아이스크림', '#먹방', '#함덕맛집탐방', '#혼밥스타그램', '#안녕제주', '#함덕혼밥', '#함덕해수욕장', '#함덕현지인맛집', '#함덕맛집추천', '#제주함덕맛집', '#함덕전복죽', '#함덕어린이메뉴']",2021-08-19,1,
애월 로드129성게크림파스타흑돼지 멘치카츠흑돼지 치즈돈까스흑돼지 고구마치즈돈까스흑돼지 수제돈까스해물야끼소바재료소진시 조기마감전메뉴 포장가능#애월맛집#제주맛집#애월읍맛집#애월항맛집#제주애월점심#애월맛집추천#제주애월맛집#애월점심추천#애월밥집#제주현지인맛집#제주도민추천맛집#제주도현지인맛집#도민맛집#제주혼밥#제주시맛집#제주도맛집#제주도민맛집#금능맛집#한림맛집#협재맛집#협재해수욕장맛집#곽지해수욕장맛집#더럭분교맛집#애월해안도로#제주서쪽맛집#애월데이트코스#새별오름#애월카페#제주데이트코스,"['#애월맛집', '#제주맛집', '#애월읍맛집', '#애월항맛집', '#제주애월점심', '#애월맛집추천', '#제주애월맛집', '#애월점심추천', '#애월밥집', '#제주현지인맛집', '#제주도민추천맛집', '#제주도현지인맛집', '#도민맛집', '#제주혼밥', '#제주시맛집', '#제주도맛집', '#제주도민맛집', '#금능맛집', '#한림맛집', '#협재맛집', '#협재해수욕장맛집', '#곽지해수욕장맛집', '#더럭분교맛집', '#애월해안도로', '#제주서쪽맛집', '#애월데이트코스', '#새별오름', '#애월카페', '#제주데이트코스']",2021-08-19,0,
제주바다해찬바다 바로앞에서 바다를 보며 해물을먹는 느낌은 어떤 느낌일지 궁금하다면#제주전복#한림맛집#서귀포맛집#제주도맛집#애월맛집#협재맛집#제주맛집바다해찬#제주전복물회#제주전복죽#제주전복,"['#제주전복', '#한림맛집', '#서귀포맛집', '#제주도맛집', '#애월맛집', '#협재맛집', '#제주맛집바다해찬', '#제주전복물회', '#제주전복죽', '#제주전복']",2021-08-19,1,
🌴🪵,[],2021-08-19,37,
▪️패드크롭자켓(검)지금부터 가을까지 입을수 있는 크롭 자켓이에용:) 소매 트임이 있어서 더 이쁘구 패드가 들어가있어서 얼굴도 작아보이구 라인이 잡혀서 👍🏻가을 장마 시작이라서 저녁에는 쌀쌀해서 지금부터 입으셔두 되세용 저두 저 세투로 어제부터 입고 있어용💚 이건 강력 추천 해드려요!! 스커트 말구 조거팬츠나 부츠컷에 같이 입어주셔도 이뻐요 가격대도 착한편이라서 하나 소장 하시면 아마 봄 가을 잘입으실거에요🤔,[],2021-08-19,14,
Purple Moss VintageEuropean Vintage Vests———————————*모든 문의는 DM으로 문의주세요:)*12:00 ~ 20:00(21:00)Mon ~ Sun제주시 애월읍 하귀로 53수입빈티지샵 퍼플모스Country Origin : EU / US / ASIA,[],2021-08-19,14,
제주도에서만 즐길수있는 수제버거 관자스테이크버거 고단백 저칼로리 제주 버거요 미친선셋은 덤입니다,[],2021-08-19,0,
"준비한 재료를 모두 소진했습니다 오늘 저녁은 쉬어갈 것 같아요 -! 내일 11시에 다시 문 열겠습니다 효도니 돈까스 메뉴 _ • 효도니 돈까스 ( 기본적인 돈까스로 고기가 부드럽고 같이나오는 소스가 맛있어요 ! ) ""• 눈꽃치즈돈까스 (돈까스 위에 눈꽃 치즈가 와르르 ! 점점 녹는 치즈가 아주고냥 예술이에요 ) "" •롤치즈돈까스 ( 치즈가 돈까스 안에 들어있어요 🧈 쭉쭉 늘어나는 치즈가 대박.. ♡ ) • 우동 ( 직접 우려낸 육수와 오동통한 면까지 ! 추운 겨울에 먹기 딱좋아요 🌨 ) • 우동세트 ( 돈까스와 우동을 같이 먹을 수 있어요 ☻ 돈까스와 우동 둘 중에 하나 고르기 어려운 분들에게 추천 ✨ ) •메밀소바 ( 시원한 여름 메뉴! 더울 때 먹으면 아주 좋아요 ☀️ ) + 메밀소바 세트도 있어요 ! 메밀소바 세트는 돈가스 한장과 메밀소바가 같이 나가요• 그 외 다양한 음료수 !! ( 인스타 홍보 해주시고 사장님께 보여드리면 사장님이 서비스로 음료수를 드려요🤫 ) 효도니 돈까스는 화요일날 휴무합니다 ㅠㅠ 11시부터 9시까지 하며 마지막 주문은 8시까지 받아요 ;-) 모든 메뉴는 포장이 가능합니다 👌🏻 포장문의는 📞 064-733-7543 으로 전화주시면 됩니다 ! 자동문 앞에 명부와 손소독제는 꼭! 많이 찾아와주세요 ♥ 제주특별자치도 서귀포시 하효동 754-3 / 제주특별자치도 일주동로 8168 #쇠소깍맛집#효도니생돈까스#쇠소깍맛집#서귀포맛집#효돈맛집#제주도맛집#서귀포현지인맛집 #제주도현지인맛집#서귀포도시락맛집#서귀포우동맛집#제주도돈까스맛집 #서귀포돈까스맛집#제주도추천맛집","['#쇠소깍맛집', '#효도니생돈까스', '#쇠소깍맛집', '#서귀포맛집', '#효돈맛집', '#제주도맛집', '#서귀포현지인맛집', '#제주도현지인맛집', '#서귀포도시락맛집', '#서귀포우동맛집', '#제주도돈까스맛집', '#서귀포돈까스맛집', '#제주도추천맛집']",2021-08-19,4,
"함덕해수욕장에서 차타고 1-2분거리 한번에 다섯가지를 먹을 수 있는 곳후식으로 우도땅콩아이스림까지 !!메뉴 : 안녕제주한상, 한라산을 품다, 뿔소라전복비빔밥, 뿔소라국수, 전복죽, 어린이한상위치 : 함덕 18길19영업시간 : 오전10시~오후7시20분함덕 맛집 안녕제주 많은 방문 부탁드립니다~ㅎㅎ#제주도 #제주도핫플 #제주맛집 #제주도맛집 #제주도현지인맛집 #제주현지인맛집 #제주현지인추천맛집 #함덕 #함덕맛집 #함덕해수욕장근처맛집 #함덕해변 #함덕해수욕장맛집 #함덕카페 #함덕소노벨리조트 #제주도여행 #제주도민맛집 #흑돼지 #우도땅콩아이스크림 #먹방 #함덕맛집탐방 #혼밥스타그램 #안녕제주 #함덕혼밥 #함덕해수욕장 #함덕현지인맛집 #함덕맛집추천 #제주함덕맛집 #함덕전복죽 #함덕어린이메뉴","['#제주도', '#제주도핫플', '#제주맛집', '#제주도맛집', '#제주도현지인맛집', '#제주현지인맛집', '#제주현지인추천맛집', '#함덕', '#함덕맛집', '#함덕해수욕장근처맛집', '#함덕해변', '#함덕해수욕장맛집', '#함덕카페', '#함덕소노벨리조트', '#제주도여행', '#제주도민맛집', '#흑돼지', '#우도땅콩아이스크림', '#먹방', '#함덕맛집탐방', '#혼밥스타그램', '#안녕제주', '#함덕혼밥', '#함덕해수욕장', '#함덕현지인맛집', '#함덕맛집추천', '#제주함덕맛집', '#함덕전복죽', '#함덕어린이메뉴']",2021-08-19,1,
물질해서 돈많이 벌었수다. Feat 제주해남 (해녀체험) with 마이바흐 #해녀 해녀 #제주생활한복대여 #제주여행추천 #제주생활한복대여 #제주이색체험 #서귀포 #제주도맛집 #제주올래시장 #좋아요반사❤️ #서울 #부산 #마이바흐,"['#해녀', '#제주생활한복대여', '#제주여행추천', '#제주생활한복대여', '#제주이색체험', '#서귀포', '#제주도맛집', '#제주올래시장', '#좋아요반사❤️', '#서울', '#부산', '#마이바흐']",2021-08-19,2,
맞아 나 며칠전에 제주였지여기 진짜 맛있는데..다음에도 갈거야.. 기다려 갈치야..#만족한상회#제주도맛집 #중문맛집 #제주맛집추천#서귀포맛집#서귀포시맛집#제주도맛집#중문맛집만족한상회#중문갈치구이#제주도민맛집#제주여행코스,"['#만족한상회', '#제주도맛집', '#중문맛집', '#제주맛집추천', '#서귀포맛집', '#서귀포시맛집', '#제주도맛집', '#중문맛집만족한상회', '#중문갈치구이', '#제주도민맛집', '#제주여행코스']",2021-08-19,0,
해녀가 잡은 신선한 해산물‼제주도 필수코스ㅠ말모 무조건 맛있음❤ 🔥⠀@@여기 안가면손해🤙🏻🤙🏻⠀⠀📍제주 제주시 한림읍 한림로 326 제주바다해찬📍10:00 - 22:00📍064-796-6261⠀⠀⠀#협재맛집 #애월가볼만한곳 #협재가볼만한곳 #한림가볼만한곳#협재맛집추천 #한림맛집#애월맛집추천 #한림맛집추천 #애월밥집 #협재밥집 #한림밥집#협재데이트코스 #한림데이트코스#협재해산물 #협재전복 #협재전복맛집 #제주전복#제주도맛집 #중문맛집⠀⠀⠀😁😋😁🤣⠀⠀🤣😁⠀⠀⠀😋🤣⠀⠀⠀⠀⠀⠀⠀⠀⠀⠀⠀⠀⠀⠀⠀⠀⠀⠀⠀⠀⠀⠀⠀⠀⠀⠀⠀⠀⠀⠀⠀⠀⠀⠀⠀⠀⠀⠀⠀⠀⠀⠀⠀⠀⠀⠀⠀⠀⠀⠀⠀⠀⠀⠀⠀⠀⠀⠀⠀⠀⠀⠀⠀⠀⠀⠀⠀⠀⠀⠀⠀⠀⠀⠀⠀⠀⠀⠀⠀⠀⠀⠀⠀⠀⠀⠀⠀⠀⠀⠀⠀⠀⠀⠀⠀⠀⠀⠀⠀⠀,"['#협재맛집', '#애월가볼만한곳', '#협재가볼만한곳', '#한림가볼만한곳', '#협재맛집추천', '#한림맛집', '#애월맛집추천', '#한림맛집추천', '#애월밥집', '#협재밥집', '#한림밥집', '#협재데이트코스', '#한림데이트코스', '#협재해산물', '#협재전복', '#협재전복맛집', '#제주전복', '#제주도맛집', '#중문맛집⠀⠀⠀😁😋😁🤣⠀⠀🤣😁⠀⠀⠀😋🤣⠀⠀⠀⠀⠀⠀⠀⠀⠀⠀⠀⠀⠀⠀⠀⠀⠀⠀⠀⠀⠀⠀⠀⠀⠀⠀⠀⠀⠀⠀⠀⠀⠀⠀⠀⠀⠀⠀⠀⠀⠀⠀⠀⠀⠀⠀⠀⠀⠀⠀⠀⠀⠀⠀⠀⠀⠀⠀⠀⠀⠀⠀⠀⠀⠀⠀⠀⠀⠀⠀⠀⠀⠀⠀⠀⠀⠀⠀⠀⠀⠀⠀⠀⠀⠀⠀⠀⠀⠀⠀⠀⠀⠀⠀⠀⠀⠀⠀⠀⠀']",2021-08-19,0,
해녀가 잡은 신선한 해산물‼제주도 필수코스ㅠ말모 무조건 맛있음❤ 🔥⠀@@여기 안가면손해🤙🏻🤙🏻⠀⠀📍제주 제주시 한림읍 한림로 326 제주바다해찬📍10:00 - 22:00📍064-796-6261⠀⠀⠀#협재맛집 #애월가볼만한곳 #협재가볼만한곳 #한림가볼만한곳#협재맛집추천 #한림맛집#애월맛집추천 #한림맛집추천 #애월밥집 #협재밥집 #한림밥집#협재데이트코스 #한림데이트코스#협재해산물 #협재전복 #협재전복맛집 #제주전복#제주도맛집 #중문맛집😍😋😍😋😎🤣⠀⠀😎⠀⠀⠀⠀⠀⠀⠀⠀⠀⠀⠀⠀⠀⠀⠀⠀⠀⠀⠀⠀⠀⠀⠀⠀⠀⠀⠀⠀⠀⠀⠀⠀⠀⠀⠀⠀⠀⠀⠀⠀⠀⠀⠀⠀⠀⠀⠀⠀⠀⠀⠀⠀⠀⠀⠀⠀⠀⠀⠀⠀⠀⠀⠀⠀⠀⠀⠀⠀⠀⠀⠀⠀⠀⠀⠀⠀⠀⠀⠀⠀⠀⠀⠀⠀⠀⠀⠀⠀⠀⠀⠀⠀⠀⠀⠀⠀⠀⠀⠀⠀⠀,"['#협재맛집', '#애월가볼만한곳', '#협재가볼만한곳', '#한림가볼만한곳', '#협재맛집추천', '#한림맛집', '#애월맛집추천', '#한림맛집추천', '#애월밥집', '#협재밥집', '#한림밥집', '#협재데이트코스', '#한림데이트코스', '#협재해산물', '#협재전복', '#협재전복맛집', '#제주전복', '#제주도맛집', '#중문맛집😍😋😍😋😎🤣⠀⠀😎⠀⠀⠀⠀⠀⠀⠀⠀⠀⠀⠀⠀⠀⠀⠀⠀⠀⠀⠀⠀⠀⠀⠀⠀⠀⠀⠀⠀⠀⠀⠀⠀⠀⠀⠀⠀⠀⠀⠀⠀⠀⠀⠀⠀⠀⠀⠀⠀⠀⠀⠀⠀⠀⠀⠀⠀⠀⠀⠀⠀⠀⠀⠀⠀⠀⠀⠀⠀⠀⠀⠀⠀⠀⠀⠀⠀⠀⠀⠀⠀⠀⠀⠀⠀⠀⠀⠀⠀⠀⠀⠀⠀⠀⠀⠀⠀⠀⠀⠀⠀⠀']",2021-08-19,0,
해녀가 잡은 신선한 해산물‼제주도 필수코스ㅠ말모 무조건 맛있음❤ 🔥⠀@@여기 안가면손해🤙🏻🤙🏻⠀⠀📍제주 제주시 한림읍 한림로 326 제주바다해찬📍10:00 - 22:00📍064-796-6261⠀⠀⠀#협재맛집 #애월가볼만한곳 #협재가볼만한곳 #한림가볼만한곳#협재맛집추천 #한림맛집#애월맛집추천 #한림맛집추천 #애월밥집 #협재밥집 #한림밥집#협재데이트코스 #한림데이트코스#협재해산물 #협재전복 #협재전복맛집 #제주전복#제주도맛집 #중문맛집😁😁⠀⠀😍⠀⠀⠀😋😎⠀⠀😍🤣⠀⠀⠀⠀⠀⠀⠀⠀⠀⠀⠀⠀⠀⠀⠀⠀⠀⠀⠀⠀⠀⠀⠀⠀⠀⠀⠀⠀⠀⠀⠀⠀⠀⠀⠀⠀⠀⠀⠀⠀⠀⠀⠀⠀⠀⠀⠀⠀⠀⠀⠀⠀⠀⠀⠀⠀⠀⠀⠀⠀⠀⠀⠀⠀⠀⠀⠀⠀⠀⠀⠀⠀⠀⠀⠀⠀⠀⠀⠀⠀⠀⠀⠀⠀⠀⠀⠀⠀⠀⠀⠀⠀⠀⠀⠀⠀⠀⠀⠀⠀⠀⠀,"['#협재맛집', '#애월가볼만한곳', '#협재가볼만한곳', '#한림가볼만한곳', '#협재맛집추천', '#한림맛집', '#애월맛집추천', '#한림맛집추천', '#애월밥집', '#협재밥집', '#한림밥집', '#협재데이트코스', '#한림데이트코스', '#협재해산물', '#협재전복', '#협재전복맛집', '#제주전복', '#제주도맛집', '#중문맛집😁😁⠀⠀😍⠀⠀⠀😋😎⠀⠀😍🤣⠀⠀⠀⠀⠀⠀⠀⠀⠀⠀⠀⠀⠀⠀⠀⠀⠀⠀⠀⠀⠀⠀⠀⠀⠀⠀⠀⠀⠀⠀⠀⠀⠀⠀⠀⠀⠀⠀⠀⠀⠀⠀⠀⠀⠀⠀⠀⠀⠀⠀⠀⠀⠀⠀⠀⠀⠀⠀⠀⠀⠀⠀⠀⠀⠀⠀⠀⠀⠀⠀⠀⠀⠀⠀⠀⠀⠀⠀⠀⠀⠀⠀⠀⠀⠀⠀⠀⠀⠀⠀⠀⠀⠀⠀⠀⠀⠀⠀⠀⠀⠀⠀']",2021-08-19,0,
"☀제주의 멋과 맛을 모두 즐기시고 싶다면➩✨제주여행의 후회없는 선택➀제주공항 근처 바닷가 바로 앞 풍경맛집➁해녀가 직접 채집하는제주보말, 제주돼지, 제주비트를 재료로 하는 건강맛집 [한라진칼국수]입니다.✅OPEN 9:00✅CLOSE 16:00✅매주 월요일 정기휴무✈제주시 테우해안로32☏TEL 064.711.8525#한라진칼국수 #제주맛집 #제주맛집추천 #제주도맛집 #제주도맛집추천 #제주공항맛집 #제주공항근처맛집 #보말칼국수 #보말칼국수맛집 #제주보말칼국수 #제주보말칼국수맛집 #돔베고기 #제주가족여행 #제주데이트 #제주점심 #제주도민맛집 #이호테우해변맛집 #애월맛집 #애월해안도로맛집 #제주오션뷰맛집 #함덕맛집 #성산일출봉맛집 #협재맛집 #곽지맛집 #한담맛집 #한림맛집 #제주도여행 #제주여행 #제주핫플 #제주아침식사","['#한라진칼국수', '#제주맛집', '#제주맛집추천', '#제주도맛집', '#제주도맛집추천', '#제주공항맛집', '#제주공항근처맛집', '#보말칼국수', '#보말칼국수맛집', '#제주보말칼국수', '#제주보말칼국수맛집', '#돔베고기', '#제주가족여행', '#제주데이트', '#제주점심', '#제주도민맛집', '#이호테우해변맛집', '#애월맛집', '#애월해안도로맛집', '#제주오션뷰맛집', '#함덕맛집', '#성산일출봉맛집', '#협재맛집', '#곽지맛집', '#한담맛집', '#한림맛집', '#제주도여행', '#제주여행', '#제주핫플', '#제주아침식사']",2021-08-19,1,
제주도 느낌 뿜뿜카페‼여기는 모든곳이 ✨포토존✨최애카페인데 알랴줌디저트로 빵까지 완벽👏🏻👏🏻⠀@@매일가고싶다ㅠ👩 ❤ 👨⠀📍제주 서귀포시 칠십리로214번길 26 너븐📍11:00 - 08:00⠀#서귀포카페 #서귀포가볼만한곳 #서귀포카페추천#제주핫플레이스 #서귀포맛집추천#서귀포신시가지맛집#서귀포숙소 #제주디저트카페 #제주오션뷰카페⠀#제주도맛집 #중문맛집⠀⠀⠀😁😍🤣⠀⠀⠀🤣⠀⠀⠀⠀⠀😁⠀⠀⠀⠀⠀⠀⠀⠀⠀⠀⠀⠀⠀⠀⠀⠀⠀⠀⠀⠀⠀⠀⠀⠀⠀⠀⠀⠀⠀⠀⠀⠀⠀⠀⠀⠀⠀⠀⠀⠀⠀⠀⠀⠀⠀⠀⠀⠀⠀⠀⠀⠀⠀⠀⠀⠀⠀⠀⠀⠀⠀⠀⠀⠀⠀⠀⠀⠀⠀⠀⠀⠀⠀⠀⠀⠀⠀⠀⠀⠀⠀⠀⠀⠀⠀⠀⠀⠀⠀⠀⠀⠀⠀⠀⠀⠀⠀⠀⠀,"['#서귀포카페', '#서귀포가볼만한곳', '#서귀포카페추천', '#제주핫플레이스', '#서귀포맛집추천', '#서귀포신시가지맛집', '#서귀포숙소', '#제주디저트카페', '#제주오션뷰카페⠀', '#제주도맛집', '#중문맛집⠀⠀⠀😁😍🤣⠀⠀⠀🤣⠀⠀⠀⠀⠀😁⠀⠀⠀⠀⠀⠀⠀⠀⠀⠀⠀⠀⠀⠀⠀⠀⠀⠀⠀⠀⠀⠀⠀⠀⠀⠀⠀⠀⠀⠀⠀⠀⠀⠀⠀⠀⠀⠀⠀⠀⠀⠀⠀⠀⠀⠀⠀⠀⠀⠀⠀⠀⠀⠀⠀⠀⠀⠀⠀⠀⠀⠀⠀⠀⠀⠀⠀⠀⠀⠀⠀⠀⠀⠀⠀⠀⠀⠀⠀⠀⠀⠀⠀⠀⠀⠀⠀⠀⠀⠀⠀⠀⠀⠀⠀⠀⠀⠀⠀']",2021-08-19,0,
제주도 느낌 뿜뿜카페‼여기는 모든곳이 ✨포토존✨최애카페인데 알랴줌디저트로 빵까지 완벽👏🏻👏🏻⠀@@매일가고싶다ㅠ👩 ❤ 👨⠀📍제주 서귀포시 칠십리로214번길 26 너븐📍11:00 - 08:00⠀#서귀포카페 #서귀포가볼만한곳 #서귀포카페추천#제주핫플레이스 #서귀포맛집추천#서귀포신시가지맛집#서귀포숙소 #제주디저트카페 #제주오션뷰카페⠀#제주도맛집 #중문맛집😁😍😋⠀⠀⠀😎🤣😎😍😎😋⠀⠀⠀⠀⠀⠀⠀⠀⠀⠀⠀⠀⠀⠀⠀⠀⠀⠀⠀⠀⠀⠀⠀⠀⠀⠀⠀⠀⠀⠀⠀⠀⠀⠀⠀⠀⠀⠀⠀⠀⠀⠀⠀⠀⠀⠀⠀⠀⠀⠀⠀⠀⠀⠀⠀⠀⠀⠀⠀⠀⠀⠀⠀⠀⠀⠀⠀⠀⠀⠀⠀⠀⠀⠀⠀⠀⠀⠀⠀⠀⠀⠀⠀⠀⠀⠀⠀⠀⠀⠀⠀⠀⠀⠀⠀⠀⠀⠀⠀⠀⠀⠀⠀⠀,"['#서귀포카페', '#서귀포가볼만한곳', '#서귀포카페추천', '#제주핫플레이스', '#서귀포맛집추천', '#서귀포신시가지맛집', '#서귀포숙소', '#제주디저트카페', '#제주오션뷰카페⠀', '#제주도맛집', '#중문맛집😁😍😋⠀⠀⠀😎🤣😎😍😎😋⠀⠀⠀⠀⠀⠀⠀⠀⠀⠀⠀⠀⠀⠀⠀⠀⠀⠀⠀⠀⠀⠀⠀⠀⠀⠀⠀⠀⠀⠀⠀⠀⠀⠀⠀⠀⠀⠀⠀⠀⠀⠀⠀⠀⠀⠀⠀⠀⠀⠀⠀⠀⠀⠀⠀⠀⠀⠀⠀⠀⠀⠀⠀⠀⠀⠀⠀⠀⠀⠀⠀⠀⠀⠀⠀⠀⠀⠀⠀⠀⠀⠀⠀⠀⠀⠀⠀⠀⠀⠀⠀⠀⠀⠀⠀⠀⠀⠀⠀⠀⠀⠀⠀⠀']",2021-08-19,0,
제주도 느낌 뿜뿜카페‼여기는 모든곳이 ✨포토존✨최애카페인데 알랴줌디저트로 빵까지 완벽👏🏻👏🏻⠀@@매일가고싶다ㅠ👩 ❤ 👨⠀📍제주 서귀포시 칠십리로214번길 26 너븐📍11:00 - 08:00⠀#서귀포카페 #서귀포가볼만한곳 #서귀포카페추천#제주핫플레이스 #서귀포맛집추천#서귀포신시가지맛집#서귀포숙소 #제주디저트카페 #제주오션뷰카페⠀#제주도맛집 #중문맛집⠀⠀🤣😎😁😍😋😁⠀😍⠀⠀🤣⠀⠀⠀⠀⠀⠀⠀⠀⠀⠀⠀⠀⠀⠀⠀⠀⠀⠀⠀⠀⠀⠀⠀⠀⠀⠀⠀⠀⠀⠀⠀⠀⠀⠀⠀⠀⠀⠀⠀⠀⠀⠀⠀⠀⠀⠀⠀⠀⠀⠀⠀⠀⠀⠀⠀⠀⠀⠀⠀⠀⠀⠀⠀⠀⠀⠀⠀⠀⠀⠀⠀⠀⠀⠀⠀⠀⠀⠀⠀⠀⠀⠀⠀⠀⠀⠀⠀⠀⠀⠀⠀⠀⠀⠀⠀⠀⠀,"['#서귀포카페', '#서귀포가볼만한곳', '#서귀포카페추천', '#제주핫플레이스', '#서귀포맛집추천', '#서귀포신시가지맛집', '#서귀포숙소', '#제주디저트카페', '#제주오션뷰카페⠀', '#제주도맛집', '#중문맛집⠀⠀🤣😎😁😍😋😁⠀😍⠀⠀🤣⠀⠀⠀⠀⠀⠀⠀⠀⠀⠀⠀⠀⠀⠀⠀⠀⠀⠀⠀⠀⠀⠀⠀⠀⠀⠀⠀⠀⠀⠀⠀⠀⠀⠀⠀⠀⠀⠀⠀⠀⠀⠀⠀⠀⠀⠀⠀⠀⠀⠀⠀⠀⠀⠀⠀⠀⠀⠀⠀⠀⠀⠀⠀⠀⠀⠀⠀⠀⠀⠀⠀⠀⠀⠀⠀⠀⠀⠀⠀⠀⠀⠀⠀⠀⠀⠀⠀⠀⠀⠀⠀⠀⠀⠀⠀⠀⠀']",2021-08-19,0,
".숙성도는 자주갔으니 다른 추천 맛집으로""화고""  초벌구이해서 나오는 숙성된흑돼지구이🥓숙성도랑은 다른개념의 맛집ㅋㅋㅋ 김치찌개가 정말 찐이였음직장인맛집같은 느낌ㅋtip.점심때 전화로 오후예약하고 가기!!#제주도맛집#화고#흑돼지맛집#숙성도","['#제주도맛집', '#화고', '#흑돼지맛집', '#숙성도']",2021-08-13,19,
제주도 오면 꼭 들려서 구매하는 섬타르 선물세트!!너무 맛있어 ㅠㅠ 인생 타르트 찾았습니다#제주도카페#제주도맛집 #제주핫플 #제주공항근처카페 #jeju#jejudo #제주섬타르왔어요#제주타르트 #제주맛집 #제주카페#타르트맛집 #제주도여행 #제주공항카페 #섬타르#제주선물 #제주카페투어 #제주도카페추천 #제주도타르트#제주도카페맛집#제주시카페#제주공항근처맛집#제주도여행#맛팔가요#맞팔해요#좋아요스타그램#좋아요꾸욱#댓글은맞팔#좋아요환영,"['#제주도카페', '#제주도맛집', '#제주핫플', '#제주공항근처카페', '#jeju', '#jejudo', '#제주섬타르왔어요', '#제주타르트', '#제주맛집', '#제주카페', '#타르트맛집', '#제주도여행', '#제주공항카페', '#섬타르', '#제주선물', '#제주카페투어', '#제주도카페추천', '#제주도타르트', '#제주도카페맛집', '#제주시카페', '#제주공항근처맛집', '#제주도여행', '#맛팔가요', '#맞팔해요', '#좋아요스타그램', '#좋아요꾸욱', '#댓글은맞팔', '#좋아요환영']",2021-08-19,6,
참숯에 구워주는 흑돼지맛집🐖제주도가서 여기안가면 손해매일먹어도 안질리는 맛ㅠ⠀@@메모해〰⠀📍제주 서귀포시 신서로32번길 14 문치비 본점📍12:00 - 24:00⠀⠀#서귀포맛집 #서귀포맛집추천 #서귀포흑돼지#올레시장맛집 #서귀포신시가지맛집 #서귀포고기집 #서귀포흑돼지맛집#중문흑돼지맛집 #제주중문맛집 #서귀포맛집추천 #서귀포가볼만한곳 #서귀포술집#서귀포흑돼지⠀#제주도맛집 #중문맛집😋😋🤣⠀😎⠀⠀⠀😁⠀⠀⠀⠀⠀😍⠀⠀⠀⠀⠀⠀⠀⠀⠀⠀⠀⠀⠀⠀⠀⠀⠀⠀⠀⠀⠀⠀⠀⠀⠀⠀⠀⠀⠀⠀⠀⠀⠀⠀⠀⠀⠀⠀⠀⠀⠀⠀⠀⠀⠀⠀⠀⠀⠀⠀⠀⠀⠀⠀⠀⠀⠀⠀⠀⠀⠀⠀⠀⠀⠀⠀⠀⠀⠀⠀⠀⠀⠀⠀⠀⠀⠀⠀⠀⠀⠀⠀⠀⠀⠀⠀⠀⠀⠀⠀⠀⠀⠀⠀⠀⠀⠀,"['#서귀포맛집', '#서귀포맛집추천', '#서귀포흑돼지', '#올레시장맛집', '#서귀포신시가지맛집', '#서귀포고기집', '#서귀포흑돼지맛집', '#중문흑돼지맛집', '#제주중문맛집', '#서귀포맛집추천', '#서귀포가볼만한곳', '#서귀포술집', '#서귀포흑돼지⠀', '#제주도맛집', '#중문맛집😋😋🤣⠀😎⠀⠀⠀😁⠀⠀⠀⠀⠀😍⠀⠀⠀⠀⠀⠀⠀⠀⠀⠀⠀⠀⠀⠀⠀⠀⠀⠀⠀⠀⠀⠀⠀⠀⠀⠀⠀⠀⠀⠀⠀⠀⠀⠀⠀⠀⠀⠀⠀⠀⠀⠀⠀⠀⠀⠀⠀⠀⠀⠀⠀⠀⠀⠀⠀⠀⠀⠀⠀⠀⠀⠀⠀⠀⠀⠀⠀⠀⠀⠀⠀⠀⠀⠀⠀⠀⠀⠀⠀⠀⠀⠀⠀⠀⠀⠀⠀⠀⠀⠀⠀⠀⠀⠀⠀⠀⠀']",2021-08-19,0,
참숯에 구워주는 흑돼지맛집🐖제주도가서 여기안가면 손해매일먹어도 안질리는 맛ㅠ⠀@@메모해〰⠀📍제주 서귀포시 신서로32번길 14 문치비 본점📍12:00 - 24:00⠀⠀#서귀포맛집 #서귀포맛집추천 #서귀포흑돼지#올레시장맛집 #서귀포신시가지맛집 #서귀포고기집 #서귀포흑돼지맛집#중문흑돼지맛집 #제주중문맛집 #서귀포맛집추천 #서귀포가볼만한곳 #서귀포술집#서귀포흑돼지⠀#제주도맛집 #중문맛집🤣😎😍😁⠀⠀⠀😋😁😋🤣🤣😎⠀⠀⠀⠀⠀⠀⠀⠀⠀⠀⠀⠀⠀⠀⠀⠀⠀⠀⠀⠀⠀⠀⠀⠀⠀⠀⠀⠀⠀⠀⠀⠀⠀⠀⠀⠀⠀⠀⠀⠀⠀⠀⠀⠀⠀⠀⠀⠀⠀⠀⠀⠀⠀⠀⠀⠀⠀⠀⠀⠀⠀⠀⠀⠀⠀⠀⠀⠀⠀⠀⠀⠀⠀⠀⠀⠀⠀⠀⠀⠀⠀⠀⠀⠀⠀⠀⠀⠀⠀⠀⠀⠀⠀⠀⠀⠀⠀⠀⠀⠀⠀⠀,"['#서귀포맛집', '#서귀포맛집추천', '#서귀포흑돼지', '#올레시장맛집', '#서귀포신시가지맛집', '#서귀포고기집', '#서귀포흑돼지맛집', '#중문흑돼지맛집', '#제주중문맛집', '#서귀포맛집추천', '#서귀포가볼만한곳', '#서귀포술집', '#서귀포흑돼지⠀', '#제주도맛집', '#중문맛집🤣😎😍😁⠀⠀⠀😋😁😋🤣🤣😎⠀⠀⠀⠀⠀⠀⠀⠀⠀⠀⠀⠀⠀⠀⠀⠀⠀⠀⠀⠀⠀⠀⠀⠀⠀⠀⠀⠀⠀⠀⠀⠀⠀⠀⠀⠀⠀⠀⠀⠀⠀⠀⠀⠀⠀⠀⠀⠀⠀⠀⠀⠀⠀⠀⠀⠀⠀⠀⠀⠀⠀⠀⠀⠀⠀⠀⠀⠀⠀⠀⠀⠀⠀⠀⠀⠀⠀⠀⠀⠀⠀⠀⠀⠀⠀⠀⠀⠀⠀⠀⠀⠀⠀⠀⠀⠀⠀⠀⠀⠀⠀⠀']",2021-08-19,0,
참숯에 구워주는 흑돼지맛집🐖제주도가서 여기안가면 손해매일먹어도 안질리는 맛ㅠ⠀@@메모해〰⠀📍제주 서귀포시 신서로32번길 14 문치비 본점📍12:00 - 24:00⠀⠀#서귀포맛집 #서귀포맛집추천 #서귀포흑돼지#올레시장맛집 #서귀포신시가지맛집 #서귀포고기집 #서귀포흑돼지맛집#중문흑돼지맛집 #제주중문맛집 #서귀포맛집추천 #서귀포가볼만한곳 #서귀포술집#서귀포흑돼지⠀#제주도맛집 #중문맛집😍😁😁😍⠀⠀⠀😎⠀⠀😎😍😁⠀⠀⠀⠀⠀⠀⠀⠀⠀⠀⠀⠀⠀⠀⠀⠀⠀⠀⠀⠀⠀⠀⠀⠀⠀⠀⠀⠀⠀⠀⠀⠀⠀⠀⠀⠀⠀⠀⠀⠀⠀⠀⠀⠀⠀⠀⠀⠀⠀⠀⠀⠀⠀⠀⠀⠀⠀⠀⠀⠀⠀⠀⠀⠀⠀⠀⠀⠀⠀⠀⠀⠀⠀⠀⠀⠀⠀⠀⠀⠀⠀⠀⠀⠀⠀⠀⠀⠀⠀⠀⠀⠀⠀⠀⠀⠀⠀⠀⠀⠀⠀,"['#서귀포맛집', '#서귀포맛집추천', '#서귀포흑돼지', '#올레시장맛집', '#서귀포신시가지맛집', '#서귀포고기집', '#서귀포흑돼지맛집', '#중문흑돼지맛집', '#제주중문맛집', '#서귀포맛집추천', '#서귀포가볼만한곳', '#서귀포술집', '#서귀포흑돼지⠀', '#제주도맛집', '#중문맛집😍😁😁😍⠀⠀⠀😎⠀⠀😎😍😁⠀⠀⠀⠀⠀⠀⠀⠀⠀⠀⠀⠀⠀⠀⠀⠀⠀⠀⠀⠀⠀⠀⠀⠀⠀⠀⠀⠀⠀⠀⠀⠀⠀⠀⠀⠀⠀⠀⠀⠀⠀⠀⠀⠀⠀⠀⠀⠀⠀⠀⠀⠀⠀⠀⠀⠀⠀⠀⠀⠀⠀⠀⠀⠀⠀⠀⠀⠀⠀⠀⠀⠀⠀⠀⠀⠀⠀⠀⠀⠀⠀⠀⠀⠀⠀⠀⠀⠀⠀⠀⠀⠀⠀⠀⠀⠀⠀⠀⠀⠀⠀']",2021-08-19,273,
참숯에 구워주는 흑돼지맛집🐖제주도가서 여기안가면 손해매일먹어도 안질리는 맛ㅠ⠀@@메모해〰⠀📍제주 서귀포시 신서로32번길 14 문치비 본점📍12:00 - 24:00⠀⠀#서귀포맛집 #서귀포맛집추천 #서귀포흑돼지#올레시장맛집 #서귀포신시가지맛집 #서귀포고기집 #서귀포흑돼지맛집#중문흑돼지맛집 #제주중문맛집 #서귀포맛집추천 #서귀포가볼만한곳 #서귀포술집#서귀포흑돼지⠀#제주도맛집 #중문맛집😁⠀⠀⠀⠀⠀⠀⠀⠀⠀⠀⠀😎🤣⠀⠀⠀⠀⠀⠀⠀⠀⠀⠀⠀⠀⠀⠀⠀⠀⠀⠀⠀⠀⠀⠀⠀⠀⠀⠀⠀⠀⠀⠀⠀⠀⠀⠀⠀⠀⠀⠀⠀⠀⠀⠀⠀⠀⠀⠀⠀⠀⠀⠀⠀⠀⠀⠀⠀⠀⠀⠀⠀⠀⠀⠀⠀⠀⠀⠀⠀⠀⠀⠀⠀⠀⠀⠀⠀⠀⠀⠀⠀⠀⠀⠀⠀⠀⠀⠀⠀⠀⠀⠀⠀⠀⠀⠀⠀⠀⠀⠀⠀⠀⠀⠀⠀⠀⠀⠀⠀⠀⠀,"['#서귀포맛집', '#서귀포맛집추천', '#서귀포흑돼지', '#올레시장맛집', '#서귀포신시가지맛집', '#서귀포고기집', '#서귀포흑돼지맛집', '#중문흑돼지맛집', '#제주중문맛집', '#서귀포맛집추천', '#서귀포가볼만한곳', '#서귀포술집', '#서귀포흑돼지⠀', '#제주도맛집', '#중문맛집😁⠀⠀⠀⠀⠀⠀⠀⠀⠀⠀⠀😎🤣⠀⠀⠀⠀⠀⠀⠀⠀⠀⠀⠀⠀⠀⠀⠀⠀⠀⠀⠀⠀⠀⠀⠀⠀⠀⠀⠀⠀⠀⠀⠀⠀⠀⠀⠀⠀⠀⠀⠀⠀⠀⠀⠀⠀⠀⠀⠀⠀⠀⠀⠀⠀⠀⠀⠀⠀⠀⠀⠀⠀⠀⠀⠀⠀⠀⠀⠀⠀⠀⠀⠀⠀⠀⠀⠀⠀⠀⠀⠀⠀⠀⠀⠀⠀⠀⠀⠀⠀⠀⠀⠀⠀⠀⠀⠀⠀⠀⠀⠀⠀⠀⠀⠀⠀⠀⠀⠀⠀⠀']",2021-08-19,0,
.(알림).장모술상.방문포장 주문시 현장에서 즉시 10% 할인‼(결제시 인스타 이미지 보여주세용).064 - 747 - 4307.#코로나4단계#자영업자화이팅,"['#코로나4단계', '#자영업자화이팅']",2021-08-19,11,
"오늘은 재택근무를 하는 날이라,, 얼루기랑 집근처 식당에서 외식! 30분 만에 호다닥 먹었지만 기분 전환도 되고 참 좋았당~ 츄베릅!😋",[],2021-08-19,18,
살만찌는 계절가을🐖🐖🐖,[],2021-08-19,17,
애월 로드129성게크림파스타흑돼지 멘치카츠흑돼지 치즈돈까스흑돼지 고구마치즈돈까스흑돼지 수제돈까스해물야끼소바재료소진시 조기마감전메뉴 포장가능#애월맛집#제주맛집#애월읍맛집#애월항맛집#제주애월점심#애월맛집추천#제주애월맛집#애월점심추천#애월밥집#제주현지인맛집#제주도민추천맛집#제주도현지인맛집#도민맛집#제주혼밥#제주시맛집#제주도맛집#금능맛집#한림맛집#협재맛집#협재해수욕장맛집#곽지해수욕장맛집#더럭분교맛집#애월해안도로#제주서쪽맛집#애월데이트코스#새별오름#애월카페#제주데이트코스,"['#애월맛집', '#제주맛집', '#애월읍맛집', '#애월항맛집', '#제주애월점심', '#애월맛집추천', '#제주애월맛집', '#애월점심추천', '#애월밥집', '#제주현지인맛집', '#제주도민추천맛집', '#제주도현지인맛집', '#도민맛집', '#제주혼밥', '#제주시맛집', '#제주도맛집', '#금능맛집', '#한림맛집', '#협재맛집', '#협재해수욕장맛집', '#곽지해수욕장맛집', '#더럭분교맛집', '#애월해안도로', '#제주서쪽맛집', '#애월데이트코스', '#새별오름', '#애월카페', '#제주데이트코스']",2021-08-19,0,
제주도 갈치구이정식!!....#제주도#제주도맛집#갈치구이#백반정식,"['#제주도', '#제주도맛집', '#갈치구이', '#백반정식']",2021-08-19,2,
.막 찍어도 화보 같은 월정리 카페 콧수염고객님의 멋진 사진 감사합니다 🤳제주시 구좌읍 해맞이해안로 406 카페콧수염070-4131-8880매일 모든 메뉴 sold-out 되므로 선착순 판매합니다.예쁜 사진 남겨주셔서 감사합니다 🌷#구좌읍카페 #함덕맛집 #제주 #제주도맛집 #월정리 #월정리카페콧수염 #제주애견동반 #구좌읍 #제주시카페 #제주도카페 #월정리콧수염 #성산카페 #성산맛집 #월정리카페 #제주여행 #제주도 #서귀포카페 #월정 #구좌읍맛집 #제주도여행 #월정리맛집 #함덕카페 #함덕해수욕장 #제주도기념품 #제주맛집 #제주카페 #제주월정리 #제주월정리카페 #제주카페추천 #제주도마카롱,"['#구좌읍카페', '#함덕맛집', '#제주', '#제주도맛집', '#월정리', '#월정리카페콧수염', '#제주애견동반', '#구좌읍', '#제주시카페', '#제주도카페', '#월정리콧수염', '#성산카페', '#성산맛집', '#월정리카페', '#제주여행', '#제주도', '#서귀포카페', '#월정', '#구좌읍맛집', '#제주도여행', '#월정리맛집', '#함덕카페', '#함덕해수욕장', '#제주도기념품', '#제주맛집', '#제주카페', '#제주월정리', '#제주월정리카페', '#제주카페추천', '#제주도마카롱']",2021-08-19,4,
제주 인생밥집@jeju_insaeng⠀⠀⠀⠀⠀⠀⠀⠀⠀⠀⠀⠀⠀⠀⠀⠀⠀🕚 OPEN - 11:00⠀⠀⠀⠀⠀⠀⠀⠀⠀⠀⠀⠀🕕 CLOSED - 17:00⠀⠀⠀⠀⠀⠀⠀⠀⠀⠀⠀⠀⠀⠀⠀⠀⠀브레이크타임 없어요.예약은 받지 않고 오시는 순서대로 식사가능 하세요.싱싱한 해물과 신선한 야채로 그날 준비한 재료가 소진되면 조기마감 합니다. ⠀⠀⠀⠀⠀⠀⠀⠀⠀⠀⠀⠀⠀⠀⠀⠀⠀⠀⠀⠀⠀⠀⠀⠀⠀⠀⠀⠀⠀⠀⠀⠀⠀⠀🥣전복해물볶음밥 / 전복물회 / 전복딱새우장 정식⠀⠀⠀⠀⠀⠀⠀⠀⠀⠀⠀⠀⠀⠀⠀⠀⠀사는게니나노 ~ ♬인생밥집010-6501-5073주소는 제주시 한림읍 문교길6 ..⠀⠀⠀⠀⠀⠀⠀⠀⠀⠀⠀⠀⠀⠀⠀⠀⠀🅿️ 무료 공영 주차장 위치!! .⠀⠀⠀⠀⠀⠀⠀⠀⠀⠀⠀⠀⠀⠀⠀⠀⠀🚗 제주시 한림읍 한림리 1197-4🚘 제주시 한림읍 한림리 1198-3🚙 제주시 한림읍 한림리 943-9.걸어서 2분이내 거리에요~♡♡#제주#제주도#jeju#제주살이#제주맛집#제주도맛집#한림맛집#애월맛집#서울#중문맛집#산방산맛집#월정리#신화월드맛집#제주신혼여행#협재해수욕장근처맛집#협재해변#금능해수욕장#좋아요#일상#일상스타그램#먹스타그램#맛스타그램 #전복장 #딱새우장#제주가족여행 #제주우정여행 #제주혼밥 #협재혼밥 #제주애월맛집 #제주협재맛집,"['#제주', '#제주도', '#jeju', '#제주살이', '#제주맛집', '#제주도맛집', '#한림맛집', '#애월맛집', '#서울', '#중문맛집', '#산방산맛집', '#월정리', '#신화월드맛집', '#제주신혼여행', '#협재해수욕장근처맛집', '#협재해변', '#금능해수욕장', '#좋아요', '#일상', '#일상스타그램', '#먹스타그램', '#맛스타그램', '#전복장', '#딱새우장', '#제주가족여행', '#제주우정여행', '#제주혼밥', '#협재혼밥', '#제주애월맛집', '#제주협재맛집']",2021-08-19,9,
🙂,[],2021-08-19,16,
제주도 다금바리 맛집 [남경미락]📍한 점에 만원📍명불허전 자연산 다금바리📍다금바리 특수부위까지 나옴📍인당 12만원 생각하면 편함자세한 내용은 블로그 참고,[],2021-08-19,11,
"🌊우도에 있다는 오션뷰+흑돼지돈까스성지🌊탁 트인 청량미쩔 오션뷰에서 즐기는 돈까스라닛,,💙치즈듬뿍 쏟아부어서 끝없이 늘어나는 치돈비쥬얼봐!육즙가득 흑돼지+튀김+치즈+바다면 맛없없이라구><바다향 물씬 담긴 바질치즈돈까스도 꼭 맛보긔🤭뷰 한입 겉바속촉 돈까스 한입 하다보면 배터짐ㅋㅋ우도에서 젤 핫한곳이래@@ 필수코스 여기-🌊 #온오프 📍 제주시 우도면 우도해안길 876⏰ 11:00 – 16:00❌ 배 안뜨는날 휴무-#제주맛집 #제주맛집추천 #제주맛집투어 #제주도맛집 #제주도맛집추천 #우도맛집 #우도맛집추천 #우도여행 #우도여행코스 #우도온오프 #우도가볼만한곳 #제주가볼만한곳","['#온오프', '#제주맛집', '#제주맛집추천', '#제주맛집투어', '#제주도맛집', '#제주도맛집추천', '#우도맛집', '#우도맛집추천', '#우도여행', '#우도여행코스', '#우도온오프', '#우도가볼만한곳', '#제주가볼만한곳']",2021-08-19,63,
제주도 한달살이 8일차 🙂 08.18▪️단소 오늘 사촌동생 배웅하느라 일찍나온김에핫플 단소에 오픈어택으로 가봄 그래봐야 집밥맛이지뭐~  라고 생각하고 갔는데 떠연이랑 밥 두그릇씩 싹싹 긁어먹고배두드리며 나옴 👍사실 3그릇까지도 먹을수있었는데뒷사람들을 위한 배려로 2그릇으로 끝 😏     #제주도한달살이#제주한달살이#제주도#떠연이의여름방학#단소#애월맛집#제주도맛집,"['#제주도한달살이', '#제주한달살이', '#제주도', '#떠연이의여름방학', '#단소', '#애월맛집', '#제주도맛집']",2021-08-19,10,
광고)제주공항에서 진~짜가깝고 개별룸이 많아서 더 좋고맛있는 도민맛집으로유명한 '연동대게회타운'낮2시부터 ~ 라스트오더는 밤 12시까지개인룸에서 맘편하게 먹자!!🙊이야.. 살이 꽉 차있네소리가 절로나오는탱글 쫄깃한💦속살에⠀녹~찐한 내장까지증말 스릉흔다❤❤⠀밑반찬 구성도푸짐하니 다양하게즐길 수 있어 좋고!⠀살이꽉찬 대게&킹크랩 맛집👏⠀개별룸 형식으로걱정🙅 ♀없이 먹는'연동대게회타운'⠀<연동대게회타운>*제주 제주시 신대로 125*064-903-1889#제주맛집 #제주도맛집#제주공항근처맛집#제주골프 #제주도골프#제주여행 #제주도여행#제주 #제주도 #제주시맛집 #제주시 #제주도민맛집 #제주공항 #제주도공항,"['#제주맛집', '#제주도맛집', '#제주공항근처맛집', '#제주골프', '#제주도골프', '#제주여행', '#제주도여행', '#제주', '#제주도', '#제주시맛집', '#제주시', '#제주도민맛집', '#제주공항', '#제주도공항']",2021-08-19,0,
"매년 찾아주시는 제주은행 비서팀 💙늘 감사합니다 🎂💞 ☺️⠀ ⠀⠀⠀⠀⠀⠀⠀⠀⠀⠀⠀⠀⠀⠀⠀⠀화면 속에 꽉차는 사진 속 케익은 3호 크레센트형 🎂⠀ ⠀⠀⠀⠀⠀⠀⠀⠀⠀⠀⠀⠀⠀⠀⠀⠀현재 ~ 25일까지 주문 마감31일 주문 마감 ❤️⠀ ⠀⠀⠀⠀⠀⠀⠀⠀⠀⠀⠀⠀⠀⠀⠀⠀⠀ ⠀⠀⠀⠀⠀⠀⠀⠀⠀⠀⠀⠀⠀⠀⠀⠀디엠은 확인이 어려워요 🙏🏻⠀ ⠀⠀⠀⠀⠀⠀⠀⠀⠀⠀⠀⠀⠀⠀⠀곱닥헌의 모든 제품, 패키징은 제 브랜드와 맞게 제가 많이 연구하고 노력하여 얻어낸 결과물 입니다. 카피캣은 싫어요 😖(제 디자인은 저에게만 의뢰 주세요 🙇🏻‍♀️. 저도 타업체 디자인은 작업하지 않습니다 ☺️. )⠀ ⠀⠀⠀⠀⠀⠀⠀⠀⠀⠀⠀⠀⠀⠀⠀⠀⠀ ⠀⠀⠀⠀⠀⠀⠀⠀⠀⠀⠀⠀⠀⠀⠀⠀요즘 주문량이 많아, 답변도 늦고 마감된 날짜가 많아요 🙏🏻예약 주문은 여유있게 최소 1-2주 전 연락 부탁드립니다 ❤️⠀ ⠀⠀⠀⠀⠀⠀⠀⠀⠀⠀⠀⠀⠀⠀⠀⠀⠀ ⠀⠀⠀⠀⠀⠀⠀⠀⠀⠀⠀⠀⠀⠀⠀⠀✔️천연가루로 조색하는 건강한 플라워 떡케익 입니다.✔️색소, 계란, 버터, 밀가루 들어가지 않아요.✔️사진은 밝기 외엔 보정을 하지 않습니다.⠀ ⠀⠀⠀⠀⠀⠀⠀⠀⠀⠀⠀⠀⠀⠀⠀⠀⠀ ⠀⠀⠀⠀⠀⠀⠀⠀⠀⠀⠀⠀⠀⠀⠀⠀▫️모든 제품의 예약은 정성을 기울일 수 있게 최소 3-4일전, ▫️케이터링 및 단체주문, 출강 문의는여유있게 ~ 한달 전 문의 부탁드립니다.⠀ ⠀⠀⠀⠀⠀⠀⠀⠀⠀⠀⠀⠀⠀⠀⠀⠀▫️ 모든 제품은 주문 제작 상품으로 예약제 입니다.⠀⠀ 죄송하지만 당일제작은 어렵습니다.⠀ ⠀⠀⠀⠀⠀⠀⠀⠀⠀⠀⠀⠀⠀⠀⠀⠀▫️ 010-8430-8288▫️카카오톡: soonji1119⠀  다이렉트(dm) 확인은 어렵습니다⠀⠀⠀⠀⠀⠀⠀⠀⠀⠀⠀⠀⠀⠀⠀⠀▫️문의가 원활한 시간 : 월~금 / 10-6시 , 토일 / 12-2시케익 작업중 또는 상담중에는 답변이 어려울 수 있어,문의는 되도록 카톡이나 문자로 부탁드립니다 ^^방문 상담을 원하시는 경우 사전에 연락 꼭 부탁드립니다.⠀ ⠀⠀⠀⠀⠀⠀⠀⠀⠀⠀⠀⠀⠀⠀⠀⠀⠀⠀⠀⠀⠀⠀⠀⠀⠀⠀⠀⠀⠀⠀⠀⠀문의 주실 때에 원하시는 날짜, 시간, 디자인을 함께 말씀해주시면 상담이 조금 수월합니다 ❤⠀ ⠀⠀⠀⠀⠀⠀⠀⠀⠀⠀⠀⠀⠀⠀⠀⠀⠀ ⠀⠀⠀⠀⠀⠀⠀⠀⠀⠀⠀⠀⠀⠀⠀⠀#제주맛집 #제주결혼식 #제주웨딩 #제주스몰웨딩 #제주부부 #제주예비부부 #제주주문제작케익 #제주케이크 #제주여행 #제주 #jeju #용돈케익 #제주용돈케익 #브런치 #코로나 #곱닥헌 #곱닥헌케익 #서귀포답례떡 #제주답례떡 #제주여행 #제주가볼만한곳 #여름휴가 #제주상견례 #제주상견례선물 #제주도맛집 #목요일 #제주은행 #제주가정보육 #가정보육 #개학","['#제주맛집', '#제주결혼식', '#제주웨딩', '#제주스몰웨딩', '#제주부부', '#제주예비부부', '#제주주문제작케익', '#제주케이크', '#제주여행', '#제주', '#jeju', '#용돈케익', '#제주용돈케익', '#브런치', '#코로나', '#곱닥헌', '#곱닥헌케익', '#서귀포답례떡', '#제주답례떡', '#제주여행', '#제주가볼만한곳', '#여름휴가', '#제주상견례', '#제주상견례선물', '#제주도맛집', '#목요일', '#제주은행', '#제주가정보육', '#가정보육', '#개학']",2021-08-19,19,
제주도 느낌 뿜뿜카페‼여기는 모든곳이 ✨포토존✨최애카페인데 알랴줌디저트로 빵까지 완벽👏🏻👏🏻⠀@@매일가고싶다ㅠ👩 ❤ 👨⠀📍제주 서귀포시 칠십리로214번길 26 너븐📍11:00 - 08:00⠀#서귀포카페 #서귀포가볼만한곳 #서귀포카페추천#제주핫플레이스 #서귀포맛집추천#서귀포신시가지맛집#서귀포숙소 #제주디저트카페 #제주오션뷰카페#한림카페⠀#제주도맛집 #중문맛집😋⠀⠀⠀😋⠀⠀😋⠀⠀⠀⠀⠀😁⠀⠀⠀😁⠀⠀⠀⠀⠀⠀⠀⠀⠀⠀⠀⠀⠀⠀⠀⠀⠀⠀⠀⠀⠀⠀⠀⠀⠀⠀⠀⠀⠀⠀⠀⠀⠀⠀⠀⠀⠀⠀⠀⠀⠀⠀⠀⠀⠀⠀⠀⠀⠀⠀⠀⠀⠀⠀⠀⠀⠀⠀⠀⠀⠀⠀⠀⠀⠀⠀⠀⠀⠀⠀⠀⠀⠀⠀⠀⠀⠀⠀⠀⠀⠀⠀⠀⠀⠀⠀⠀⠀⠀⠀⠀⠀⠀⠀⠀⠀⠀⠀⠀⠀⠀⠀⠀⠀⠀⠀⠀⠀⠀,"['#서귀포카페', '#서귀포가볼만한곳', '#서귀포카페추천', '#제주핫플레이스', '#서귀포맛집추천', '#서귀포신시가지맛집', '#서귀포숙소', '#제주디저트카페', '#제주오션뷰카페', '#한림카페⠀', '#제주도맛집', '#중문맛집😋⠀⠀⠀😋⠀⠀😋⠀⠀⠀⠀⠀😁⠀⠀⠀😁⠀⠀⠀⠀⠀⠀⠀⠀⠀⠀⠀⠀⠀⠀⠀⠀⠀⠀⠀⠀⠀⠀⠀⠀⠀⠀⠀⠀⠀⠀⠀⠀⠀⠀⠀⠀⠀⠀⠀⠀⠀⠀⠀⠀⠀⠀⠀⠀⠀⠀⠀⠀⠀⠀⠀⠀⠀⠀⠀⠀⠀⠀⠀⠀⠀⠀⠀⠀⠀⠀⠀⠀⠀⠀⠀⠀⠀⠀⠀⠀⠀⠀⠀⠀⠀⠀⠀⠀⠀⠀⠀⠀⠀⠀⠀⠀⠀⠀⠀⠀⠀⠀⠀⠀⠀⠀⠀⠀⠀']",2021-08-19,0,
제주도 느낌 뿜뿜카페‼여기는 모든곳이 ✨포토존✨최애카페인데 알랴줌디저트로 빵까지 완벽👏🏻👏🏻⠀@@매일가고싶다ㅠ👩 ❤ 👨⠀📍제주 서귀포시 칠십리로214번길 26 너븐📍11:00 - 08:00⠀#서귀포카페 #서귀포가볼만한곳 #서귀포카페추천#제주핫플레이스 #서귀포맛집추천#서귀포신시가지맛집#서귀포숙소 #제주디저트카페 #제주오션뷰카페#한림카페⠀#제주도맛집 #중문맛집😍⠀⠀🤣🤣🤣⠀⠀🤣😁😎😍⠀⠀⠀⠀⠀⠀⠀⠀⠀⠀⠀⠀⠀⠀⠀⠀⠀⠀⠀⠀⠀⠀⠀⠀⠀⠀⠀⠀⠀⠀⠀⠀⠀⠀⠀⠀⠀⠀⠀⠀⠀⠀⠀⠀⠀⠀⠀⠀⠀⠀⠀⠀⠀⠀⠀⠀⠀⠀⠀⠀⠀⠀⠀⠀⠀⠀⠀⠀⠀⠀⠀⠀⠀⠀⠀⠀⠀⠀⠀⠀⠀⠀⠀⠀⠀⠀⠀⠀⠀⠀⠀⠀⠀⠀⠀⠀⠀,"['#서귀포카페', '#서귀포가볼만한곳', '#서귀포카페추천', '#제주핫플레이스', '#서귀포맛집추천', '#서귀포신시가지맛집', '#서귀포숙소', '#제주디저트카페', '#제주오션뷰카페', '#한림카페⠀', '#제주도맛집', '#중문맛집😍⠀⠀🤣🤣🤣⠀⠀🤣😁😎😍⠀⠀⠀⠀⠀⠀⠀⠀⠀⠀⠀⠀⠀⠀⠀⠀⠀⠀⠀⠀⠀⠀⠀⠀⠀⠀⠀⠀⠀⠀⠀⠀⠀⠀⠀⠀⠀⠀⠀⠀⠀⠀⠀⠀⠀⠀⠀⠀⠀⠀⠀⠀⠀⠀⠀⠀⠀⠀⠀⠀⠀⠀⠀⠀⠀⠀⠀⠀⠀⠀⠀⠀⠀⠀⠀⠀⠀⠀⠀⠀⠀⠀⠀⠀⠀⠀⠀⠀⠀⠀⠀⠀⠀⠀⠀⠀⠀']",2021-08-19,0,
제주도 느낌 뿜뿜카페‼여기는 모든곳이 ✨포토존✨최애카페인데 알랴줌디저트로 빵까지 완벽👏🏻👏🏻⠀@@매일가고싶다ㅠ👩 ❤ 👨⠀📍제주 서귀포시 칠십리로214번길 26 너븐📍11:00 - 08:00⠀#서귀포카페 #서귀포가볼만한곳 #서귀포카페추천#제주핫플레이스 #서귀포맛집추천#서귀포신시가지맛집#서귀포숙소 #제주디저트카페 #제주오션뷰카페#한림카페⠀#제주도맛집 #중문맛집😁⠀⠀😁😍😍⠀⠀😍😎😋😎😍⠀⠀⠀⠀⠀⠀⠀⠀⠀⠀⠀⠀⠀⠀⠀⠀⠀⠀⠀⠀⠀⠀⠀⠀⠀⠀⠀⠀⠀⠀⠀⠀⠀⠀⠀⠀⠀⠀⠀⠀⠀⠀⠀⠀⠀⠀⠀⠀⠀⠀⠀⠀⠀⠀⠀⠀⠀⠀⠀⠀⠀⠀⠀⠀⠀⠀⠀⠀⠀⠀⠀⠀⠀⠀⠀⠀⠀⠀⠀⠀⠀⠀⠀⠀⠀⠀⠀⠀⠀⠀⠀⠀⠀⠀⠀⠀⠀⠀⠀⠀⠀⠀⠀⠀⠀,"['#서귀포카페', '#서귀포가볼만한곳', '#서귀포카페추천', '#제주핫플레이스', '#서귀포맛집추천', '#서귀포신시가지맛집', '#서귀포숙소', '#제주디저트카페', '#제주오션뷰카페', '#한림카페⠀', '#제주도맛집', '#중문맛집😁⠀⠀😁😍😍⠀⠀😍😎😋😎😍⠀⠀⠀⠀⠀⠀⠀⠀⠀⠀⠀⠀⠀⠀⠀⠀⠀⠀⠀⠀⠀⠀⠀⠀⠀⠀⠀⠀⠀⠀⠀⠀⠀⠀⠀⠀⠀⠀⠀⠀⠀⠀⠀⠀⠀⠀⠀⠀⠀⠀⠀⠀⠀⠀⠀⠀⠀⠀⠀⠀⠀⠀⠀⠀⠀⠀⠀⠀⠀⠀⠀⠀⠀⠀⠀⠀⠀⠀⠀⠀⠀⠀⠀⠀⠀⠀⠀⠀⠀⠀⠀⠀⠀⠀⠀⠀⠀⠀⠀⠀⠀⠀⠀⠀⠀']",2021-08-19,0,
제주도 느낌 뿜뿜카페‼여기는 모든곳이 ✨포토존✨최애카페인데 알랴줌디저트로 빵까지 완벽👏🏻👏🏻⠀@@매일가고싶다ㅠ👩 ❤ 👨⠀📍제주 서귀포시 칠십리로214번길 26 너븐📍11:00 - 08:00⠀#서귀포카페 #서귀포가볼만한곳 #서귀포카페추천#제주핫플레이스 #서귀포맛집추천#서귀포신시가지맛집#서귀포숙소 #제주디저트카페 #제주오션뷰카페#한림카페⠀#제주도맛집 #중문맛집😋⠀⠀⠀⠀⠀🤣😎😍⠀⠀⠀⠀⠀⠀⠀⠀⠀⠀⠀⠀⠀⠀⠀⠀⠀⠀⠀⠀⠀⠀⠀⠀⠀⠀⠀⠀⠀⠀⠀⠀⠀⠀⠀⠀⠀⠀⠀⠀⠀⠀⠀⠀⠀⠀⠀⠀⠀⠀⠀⠀⠀⠀⠀⠀⠀⠀⠀⠀⠀⠀⠀⠀⠀⠀⠀⠀⠀⠀⠀⠀⠀⠀⠀⠀⠀⠀⠀⠀⠀⠀⠀⠀⠀⠀⠀⠀⠀⠀⠀⠀⠀⠀⠀⠀⠀⠀⠀⠀⠀⠀⠀⠀⠀⠀⠀⠀⠀⠀⠀,"['#서귀포카페', '#서귀포가볼만한곳', '#서귀포카페추천', '#제주핫플레이스', '#서귀포맛집추천', '#서귀포신시가지맛집', '#서귀포숙소', '#제주디저트카페', '#제주오션뷰카페', '#한림카페⠀', '#제주도맛집', '#중문맛집😋⠀⠀⠀⠀⠀🤣😎😍⠀⠀⠀⠀⠀⠀⠀⠀⠀⠀⠀⠀⠀⠀⠀⠀⠀⠀⠀⠀⠀⠀⠀⠀⠀⠀⠀⠀⠀⠀⠀⠀⠀⠀⠀⠀⠀⠀⠀⠀⠀⠀⠀⠀⠀⠀⠀⠀⠀⠀⠀⠀⠀⠀⠀⠀⠀⠀⠀⠀⠀⠀⠀⠀⠀⠀⠀⠀⠀⠀⠀⠀⠀⠀⠀⠀⠀⠀⠀⠀⠀⠀⠀⠀⠀⠀⠀⠀⠀⠀⠀⠀⠀⠀⠀⠀⠀⠀⠀⠀⠀⠀⠀⠀⠀⠀⠀⠀⠀⠀⠀']",2021-08-19,0,
제주카페 할로비치🍹카라바오망고라고 기네스북에올라간 최고 맛있는망고로 만든 쥬스에요 ❤️카라바오로 만든 주스아이스크림도 있어요!❤️할로비치는 인테리어가하와이풍이고~귀여운 동물 친구들이 많아서아이들과 방문하기 딱 좋은 카페❤️제인생 최고의 인생망고 맛집👍⠀➡️할로비치➡️제주시 한경면 녹차분재로 354⠀#제주카페 #제주도카페 #제주도맛집 #제주맛집 #제주카페추천 #제주도카페추천 #제주도맛집추천 #제주맛집추천⠀,"['#제주카페', '#제주도카페', '#제주도맛집', '#제주맛집', '#제주카페추천', '#제주도카페추천', '#제주도맛집추천', '#제주맛집추천⠀']",2021-08-19,4,
광고)제주공항에서 진~짜가깝고 개별룸이 많아서 더 좋고맛있는 도민맛집으로유명한 '연동대게회타운'낮2시부터 ~ 라스트오더는 밤 12시까지개인룸에서 맘편하게 먹자!!🙊이야.. 살이 꽉 차있네소리가 절로나오는탱글 쫄깃한💦속살에⠀녹~찐한 내장까지증말 스릉흔다❤❤⠀밑반찬 구성도푸짐하니 다양하게즐길 수 있어 좋고!⠀살이꽉찬 대게&킹크랩 맛집👏⠀개별룸 형식으로걱정🙅 ♀없이 먹는'연동대게회타운'⠀<연동대게회타운>*제주 제주시 신대로 125*064-903-1889#제주맛집 #제주도맛집#제주공항근처맛집#제주골프 #제주도골프#제주여행 #제주도여행#제주 #제주도 #제주시맛집 #제주시 #제주도민맛집 #제주공항 #제주도공항,"['#제주맛집', '#제주도맛집', '#제주공항근처맛집', '#제주골프', '#제주도골프', '#제주여행', '#제주도여행', '#제주', '#제주도', '#제주시맛집', '#제주시', '#제주도민맛집', '#제주공항', '#제주도공항']",2021-08-19,0,
"-붕어빵❤-성산에 셀프 스튜디오 오픈했습니다!하늘아래 투숙객께는>해녀,해남 의상 무상 대여#제주해요#셀프사진관#제주도셀프사진관#제주해요셀프사진관 #하늘아래게스트하우스 #제주도모녀여행","['#제주해요', '#셀프사진관', '#제주도셀프사진관', '#제주해요셀프사진관', '#하늘아래게스트하우스', '#제주도모녀여행']",2021-08-19,249,
#제주도맛집#고기국수🍜#,"['#제주도맛집', '#고기국수🍜']",2021-08-19,3,
광고)제주공항에서 진~짜가깝고 개별룸이 많아서 더 좋고맛있는 도민맛집으로유명한 '연동대게회타운'낮2시부터 ~ 라스트오더는 밤 12시까지개인룸에서 맘편하게 먹자!!🙊이야.. 살이 꽉 차있네소리가 절로나오는탱글 쫄깃한💦속살에⠀녹~찐한 내장까지증말 스릉흔다❤❤⠀밑반찬 구성도푸짐하니 다양하게즐길 수 있어 좋고!⠀살이꽉찬 대게&킹크랩 맛집👏⠀개별룸 형식으로걱정🙅 ♀없이 먹는'연동대게회타운'⠀<연동대게회타운>*제주 제주시 신대로 125*064-903-1889#제주맛집 #제주도맛집#제주공항근처맛집#제주골프 #제주도골프#제주여행 #제주도여행#제주 #제주도 #제주시맛집 #제주시 #제주도민맛집 #제주공항 #제주도공항,"['#제주맛집', '#제주도맛집', '#제주공항근처맛집', '#제주골프', '#제주도골프', '#제주여행', '#제주도여행', '#제주', '#제주도', '#제주시맛집', '#제주시', '#제주도민맛집', '#제주공항', '#제주도공항']",2021-08-19,0,
제주도 느낌 뿜뿜카페‼여기는 모든곳이 ✨포토존✨최애카페인데 알랴줌디저트로 빵까지 완벽👏🏻👏🏻⠀@@매일가고싶다ㅠ👩 ❤ 👨⠀📍제주 서귀포시 칠십리로214번길 26 너븐📍11:00 - 08:00⠀#서귀포카페 #서귀포가볼만한곳 #서귀포카페추천#제주핫플레이스 #서귀포맛집추천#서귀포신시가지맛집#서귀포숙소 #제주디저트카페 #제주오션뷰카페#한림카페⠀#제주도맛집 #중문맛집😎😋⠀⠀😎😋⠀😁😁⠀😎⠀⠀⠀⠀⠀⠀⠀⠀⠀⠀⠀⠀⠀⠀⠀⠀⠀⠀⠀⠀⠀⠀⠀⠀⠀⠀⠀⠀⠀⠀⠀⠀⠀⠀⠀⠀⠀⠀⠀⠀⠀⠀⠀⠀⠀⠀⠀⠀⠀⠀⠀⠀⠀⠀⠀⠀⠀⠀⠀⠀⠀⠀⠀⠀⠀⠀⠀⠀⠀⠀⠀⠀⠀⠀⠀⠀⠀⠀⠀⠀⠀⠀⠀⠀⠀⠀⠀⠀⠀⠀⠀⠀⠀⠀⠀⠀⠀⠀⠀⠀⠀⠀,"['#서귀포카페', '#서귀포가볼만한곳', '#서귀포카페추천', '#제주핫플레이스', '#서귀포맛집추천', '#서귀포신시가지맛집', '#서귀포숙소', '#제주디저트카페', '#제주오션뷰카페', '#한림카페⠀', '#제주도맛집', '#중문맛집😎😋⠀⠀😎😋⠀😁😁⠀😎⠀⠀⠀⠀⠀⠀⠀⠀⠀⠀⠀⠀⠀⠀⠀⠀⠀⠀⠀⠀⠀⠀⠀⠀⠀⠀⠀⠀⠀⠀⠀⠀⠀⠀⠀⠀⠀⠀⠀⠀⠀⠀⠀⠀⠀⠀⠀⠀⠀⠀⠀⠀⠀⠀⠀⠀⠀⠀⠀⠀⠀⠀⠀⠀⠀⠀⠀⠀⠀⠀⠀⠀⠀⠀⠀⠀⠀⠀⠀⠀⠀⠀⠀⠀⠀⠀⠀⠀⠀⠀⠀⠀⠀⠀⠀⠀⠀⠀⠀⠀⠀⠀']",2021-08-19,0,
가을냄시 조하🤎🤎🤎🤎,[],2021-08-19,40,
주렁주렁 꽃천지🌺,[],2021-08-19,55,
광고)제주공항에서 진~짜가깝고 개별룸이 많아서 더 좋고맛있는 도민맛집으로유명한 '연동대게회타운'낮2시부터 ~ 라스트오더는 밤 12시까지개인룸에서 맘편하게 먹자!!🙊이야.. 살이 꽉 차있네소리가 절로나오는탱글 쫄깃한💦속살에⠀녹~찐한 내장까지증말 스릉흔다❤❤⠀밑반찬 구성도푸짐하니 다양하게즐길 수 있어 좋고!⠀살이꽉찬 대게&킹크랩 맛집👏⠀개별룸 형식으로걱정🙅 ♀없이 먹는'연동대게회타운'⠀<연동대게회타운>*제주 제주시 신대로 125*064-903-1889#제주맛집 #제주도맛집#제주공항근처맛집#제주골프 #제주도골프#제주여행 #제주도여행#제주 #제주도 #제주시맛집 #제주시 #제주도민맛집 #제주공항 #제주도공항,"['#제주맛집', '#제주도맛집', '#제주공항근처맛집', '#제주골프', '#제주도골프', '#제주여행', '#제주도여행', '#제주', '#제주도', '#제주시맛집', '#제주시', '#제주도민맛집', '#제주공항', '#제주도공항']",2021-08-19,0,
(광고) 지만 누가 봐도 너무 예쁜 달빛제주 자체 제작 무드등과 캔들은 사진보다 실제가 훨씬 예쁘다는게 함정🤭 소품샵을 겸한 카페여서 구경하는 재미까지!👍 맛난 제주 시그니처 음료와 애월바다 그리고 제주감성을 달빛제주에서 만나보세요😄.@dalbit_jeju <--달빛제주 인스타그램 바로가기.제주시 애월읍 애월해안로 929 (2층)010-2851-2214..#제주맛집#제주도맛집#제주카페#제주도카페#제주가볼만한곳#제주핫플레이스#한담해변#제주핫플카페#제주도핫플#제주선물#제주도선물#제주도소품샵,"['#제주맛집', '#제주도맛집', '#제주카페', '#제주도카페', '#제주가볼만한곳', '#제주핫플레이스', '#한담해변', '#제주핫플카페', '#제주도핫플', '#제주선물', '#제주도선물', '#제주도소품샵']",2021-08-19,0,
⠀제주도가면 꼭 가는곳💙내 최애카페ㅠ매일가도 안질림🥰⠀@@나만 그런거 아니지?⠀📍제주 제주시 애월읍 애월로 15-1📍09:30 - 20:00⠀#애월맛집 #애월맛집추천 #애월카페 #애월가볼만한곳 #애월데이트코스 #애월핫플레이스 #선팔 #맞팔 #애월데이트 #애월핫플 #애월카페추천 #애월분위기카페 #제주분위기카페#제주도맛집 #중문맛집⠀⠀😎⠀⠀⠀⠀⠀⠀😍⠀😍😁😎⠀⠀⠀⠀⠀⠀⠀⠀⠀⠀⠀⠀⠀⠀⠀⠀⠀⠀⠀⠀⠀⠀⠀⠀⠀⠀⠀⠀⠀⠀⠀⠀⠀⠀⠀⠀⠀⠀⠀⠀⠀⠀⠀⠀⠀⠀⠀⠀⠀⠀⠀⠀⠀⠀⠀⠀⠀⠀⠀⠀⠀⠀⠀⠀⠀⠀⠀⠀⠀⠀⠀⠀⠀⠀⠀⠀⠀⠀⠀⠀⠀⠀⠀⠀⠀⠀⠀⠀⠀⠀⠀⠀⠀⠀⠀⠀⠀,"['#애월맛집', '#애월맛집추천', '#애월카페', '#애월가볼만한곳', '#애월데이트코스', '#애월핫플레이스', '#선팔', '#맞팔', '#애월데이트', '#애월핫플', '#애월카페추천', '#애월분위기카페', '#제주분위기카페', '#제주도맛집', '#중문맛집⠀⠀😎⠀⠀⠀⠀⠀⠀😍⠀😍😁😎⠀⠀⠀⠀⠀⠀⠀⠀⠀⠀⠀⠀⠀⠀⠀⠀⠀⠀⠀⠀⠀⠀⠀⠀⠀⠀⠀⠀⠀⠀⠀⠀⠀⠀⠀⠀⠀⠀⠀⠀⠀⠀⠀⠀⠀⠀⠀⠀⠀⠀⠀⠀⠀⠀⠀⠀⠀⠀⠀⠀⠀⠀⠀⠀⠀⠀⠀⠀⠀⠀⠀⠀⠀⠀⠀⠀⠀⠀⠀⠀⠀⠀⠀⠀⠀⠀⠀⠀⠀⠀⠀⠀⠀⠀⠀⠀⠀']",2021-08-19,0,
⠀제주도가면 꼭 가는곳💙내 최애카페ㅠ매일가도 안질림🥰⠀@@나만 그런거 아니지?⠀📍제주 제주시 애월읍 애월로 15-1📍09:30 - 20:00⠀#애월맛집 #애월맛집추천 #애월카페 #애월가볼만한곳 #애월데이트코스 #애월핫플레이스 #선팔 #맞팔 #애월데이트 #애월핫플 #애월카페추천 #애월분위기카페 #제주분위기카페#제주도맛집 #중문맛집⠀😁😋😁😎😁⠀⠀⠀😁⠀⠀⠀⠀😋⠀⠀⠀⠀⠀⠀⠀⠀⠀⠀⠀⠀⠀⠀⠀⠀⠀⠀⠀⠀⠀⠀⠀⠀⠀⠀⠀⠀⠀⠀⠀⠀⠀⠀⠀⠀⠀⠀⠀⠀⠀⠀⠀⠀⠀⠀⠀⠀⠀⠀⠀⠀⠀⠀⠀⠀⠀⠀⠀⠀⠀⠀⠀⠀⠀⠀⠀⠀⠀⠀⠀⠀⠀⠀⠀⠀⠀⠀⠀⠀⠀⠀⠀⠀⠀⠀⠀⠀⠀⠀⠀⠀,"['#애월맛집', '#애월맛집추천', '#애월카페', '#애월가볼만한곳', '#애월데이트코스', '#애월핫플레이스', '#선팔', '#맞팔', '#애월데이트', '#애월핫플', '#애월카페추천', '#애월분위기카페', '#제주분위기카페', '#제주도맛집', '#중문맛집⠀😁😋😁😎😁⠀⠀⠀😁⠀⠀⠀⠀😋⠀⠀⠀⠀⠀⠀⠀⠀⠀⠀⠀⠀⠀⠀⠀⠀⠀⠀⠀⠀⠀⠀⠀⠀⠀⠀⠀⠀⠀⠀⠀⠀⠀⠀⠀⠀⠀⠀⠀⠀⠀⠀⠀⠀⠀⠀⠀⠀⠀⠀⠀⠀⠀⠀⠀⠀⠀⠀⠀⠀⠀⠀⠀⠀⠀⠀⠀⠀⠀⠀⠀⠀⠀⠀⠀⠀⠀⠀⠀⠀⠀⠀⠀⠀⠀⠀⠀⠀⠀⠀⠀⠀']",2021-08-19,0,
⠀제주도가면 꼭 가는곳💙내 최애카페ㅠ매일가도 안질림🥰⠀@@나만 그런거 아니지?⠀📍제주 제주시 애월읍 애월로 15-1📍09:30 - 20:00⠀#애월맛집 #애월맛집추천 #애월카페 #애월가볼만한곳 #애월데이트코스 #애월핫플레이스 #선팔 #맞팔 #애월데이트 #애월핫플 #애월카페추천 #애월분위기카페 #제주분위기카페#제주도맛집 #중문맛집😁😋😁🤣😋😋⠀⠀😋😎😍⠀⠀⠀⠀⠀⠀⠀⠀⠀⠀⠀⠀⠀⠀⠀⠀⠀⠀⠀⠀⠀⠀⠀⠀⠀⠀⠀⠀⠀⠀⠀⠀⠀⠀⠀⠀⠀⠀⠀⠀⠀⠀⠀⠀⠀⠀⠀⠀⠀⠀⠀⠀⠀⠀⠀⠀⠀⠀⠀⠀⠀⠀⠀⠀⠀⠀⠀⠀⠀⠀⠀⠀⠀⠀⠀⠀⠀⠀⠀⠀⠀⠀⠀⠀⠀⠀⠀⠀⠀⠀⠀⠀⠀⠀⠀⠀⠀⠀⠀⠀⠀⠀⠀⠀,"['#애월맛집', '#애월맛집추천', '#애월카페', '#애월가볼만한곳', '#애월데이트코스', '#애월핫플레이스', '#선팔', '#맞팔', '#애월데이트', '#애월핫플', '#애월카페추천', '#애월분위기카페', '#제주분위기카페', '#제주도맛집', '#중문맛집😁😋😁🤣😋😋⠀⠀😋😎😍⠀⠀⠀⠀⠀⠀⠀⠀⠀⠀⠀⠀⠀⠀⠀⠀⠀⠀⠀⠀⠀⠀⠀⠀⠀⠀⠀⠀⠀⠀⠀⠀⠀⠀⠀⠀⠀⠀⠀⠀⠀⠀⠀⠀⠀⠀⠀⠀⠀⠀⠀⠀⠀⠀⠀⠀⠀⠀⠀⠀⠀⠀⠀⠀⠀⠀⠀⠀⠀⠀⠀⠀⠀⠀⠀⠀⠀⠀⠀⠀⠀⠀⠀⠀⠀⠀⠀⠀⠀⠀⠀⠀⠀⠀⠀⠀⠀⠀⠀⠀⠀⠀⠀⠀']",2021-08-19,1264,
흑돼지 찐맛쫀맛‼제주도가서 여기안가면 손해매일먹고싶은 내최애집ㅠ⠀@@육즙 미친다고👏🏻👏🏻⠀⠀📍제주 제주시 서해안로 368-10 제주고집📍11:00 - 24:00⠀#제주공항맛집 #제주공항근처맛집 #공항근처맛집 #제주공항흑돼지 #월정리맛집 #우도맛집 #외도맛집#제주공항흑돼지맛집 #제주공항근처흑돼지 #제주공항가볼만한곳 #제주흑돼지맛집 #제주도흑돼지맛집 #제주흑돼지맛집추천 #제주도흑돼지맛집추천#제주도맛집 #중문맛집⠀⠀😎😋😎🤣⠀⠀⠀🤣🤣😍⠀⠀⠀⠀⠀⠀⠀⠀⠀⠀⠀⠀⠀⠀⠀⠀⠀⠀⠀⠀⠀⠀⠀⠀⠀⠀⠀⠀⠀⠀⠀⠀⠀⠀⠀⠀⠀⠀⠀⠀⠀⠀⠀⠀⠀⠀⠀⠀⠀⠀⠀⠀⠀⠀⠀⠀⠀⠀⠀⠀⠀⠀⠀⠀⠀⠀⠀⠀⠀⠀⠀⠀⠀⠀⠀⠀⠀⠀⠀⠀⠀⠀⠀⠀⠀⠀⠀⠀⠀⠀⠀⠀⠀⠀⠀⠀⠀⠀⠀⠀⠀⠀⠀⠀⠀,"['#제주공항맛집', '#제주공항근처맛집', '#공항근처맛집', '#제주공항흑돼지', '#월정리맛집', '#우도맛집', '#외도맛집', '#제주공항흑돼지맛집', '#제주공항근처흑돼지', '#제주공항가볼만한곳', '#제주흑돼지맛집', '#제주도흑돼지맛집', '#제주흑돼지맛집추천', '#제주도흑돼지맛집추천', '#제주도맛집', '#중문맛집⠀⠀😎😋😎🤣⠀⠀⠀🤣🤣😍⠀⠀⠀⠀⠀⠀⠀⠀⠀⠀⠀⠀⠀⠀⠀⠀⠀⠀⠀⠀⠀⠀⠀⠀⠀⠀⠀⠀⠀⠀⠀⠀⠀⠀⠀⠀⠀⠀⠀⠀⠀⠀⠀⠀⠀⠀⠀⠀⠀⠀⠀⠀⠀⠀⠀⠀⠀⠀⠀⠀⠀⠀⠀⠀⠀⠀⠀⠀⠀⠀⠀⠀⠀⠀⠀⠀⠀⠀⠀⠀⠀⠀⠀⠀⠀⠀⠀⠀⠀⠀⠀⠀⠀⠀⠀⠀⠀⠀⠀⠀⠀⠀⠀⠀⠀']",2021-08-19,0,
흑돼지 찐맛쫀맛‼제주도가서 여기안가면 손해매일먹고싶은 내최애집ㅠ⠀@@육즙 미친다고👏🏻👏🏻⠀⠀📍제주 제주시 서해안로 368-10 제주고집📍11:00 - 24:00⠀#제주공항맛집 #제주공항근처맛집 #공항근처맛집 #제주공항흑돼지 #월정리맛집 #우도맛집 #외도맛집#제주공항흑돼지맛집 #제주공항근처흑돼지 #제주공항가볼만한곳 #제주흑돼지맛집 #제주도흑돼지맛집 #제주흑돼지맛집추천 #제주도흑돼지맛집추천#제주도맛집 #중문맛집⠀⠀🤣😁😁😁⠀⠀⠀⠀⠀😍😋⠀😋⠀⠀⠀⠀⠀⠀⠀⠀⠀⠀⠀⠀⠀⠀⠀⠀⠀⠀⠀⠀⠀⠀⠀⠀⠀⠀⠀⠀⠀⠀⠀⠀⠀⠀⠀⠀⠀⠀⠀⠀⠀⠀⠀⠀⠀⠀⠀⠀⠀⠀⠀⠀⠀⠀⠀⠀⠀⠀⠀⠀⠀⠀⠀⠀⠀⠀⠀⠀⠀⠀⠀⠀⠀⠀⠀⠀⠀⠀⠀⠀⠀⠀⠀⠀⠀⠀⠀⠀⠀⠀⠀⠀⠀⠀⠀⠀⠀⠀⠀⠀⠀⠀⠀⠀,"['#제주공항맛집', '#제주공항근처맛집', '#공항근처맛집', '#제주공항흑돼지', '#월정리맛집', '#우도맛집', '#외도맛집', '#제주공항흑돼지맛집', '#제주공항근처흑돼지', '#제주공항가볼만한곳', '#제주흑돼지맛집', '#제주도흑돼지맛집', '#제주흑돼지맛집추천', '#제주도흑돼지맛집추천', '#제주도맛집', '#중문맛집⠀⠀🤣😁😁😁⠀⠀⠀⠀⠀😍😋⠀😋⠀⠀⠀⠀⠀⠀⠀⠀⠀⠀⠀⠀⠀⠀⠀⠀⠀⠀⠀⠀⠀⠀⠀⠀⠀⠀⠀⠀⠀⠀⠀⠀⠀⠀⠀⠀⠀⠀⠀⠀⠀⠀⠀⠀⠀⠀⠀⠀⠀⠀⠀⠀⠀⠀⠀⠀⠀⠀⠀⠀⠀⠀⠀⠀⠀⠀⠀⠀⠀⠀⠀⠀⠀⠀⠀⠀⠀⠀⠀⠀⠀⠀⠀⠀⠀⠀⠀⠀⠀⠀⠀⠀⠀⠀⠀⠀⠀⠀⠀⠀⠀⠀⠀⠀']",2021-08-19,0,
흑돼지는 함덕 뱃도새기흑돼지+전복+딱새우+키조개관자+가리비+버섯‼스페셜로먹으면 더좋다구💘제주도가서 여기 안가면 손해⠀@@메모해 흑돼지는 뱃도새기👏🏻👏🏻⠀⠀⠀📍제주 제주시 조천읍 함와로 7 뱃도새기📍12:00 - 23:00⠀⠀#함덕맛집 #제주함덕맛집 #함덕해수욕장 #함덕서우봉해변 #함덕해수욕장맛집 #함덕흑돼지 #함덕흑돼지맛집 #함덕밥집 #함덕술집 #함덕맛집추천 #함덕핫플레이스 ⠀⠀#제주도맛집 #중문맛집😎🤣⠀⠀🤣😁😎😋⠀⠀⠀😎😎🤣⠀⠀⠀⠀⠀⠀⠀⠀⠀⠀⠀⠀⠀⠀⠀⠀⠀⠀⠀⠀⠀⠀⠀⠀⠀⠀⠀⠀⠀⠀⠀⠀⠀⠀⠀⠀⠀⠀⠀⠀⠀⠀⠀⠀⠀⠀⠀⠀⠀⠀⠀⠀⠀⠀⠀⠀⠀⠀⠀⠀⠀⠀⠀⠀⠀⠀⠀⠀⠀⠀⠀⠀⠀⠀⠀⠀⠀⠀⠀⠀⠀⠀⠀⠀⠀⠀⠀⠀⠀⠀⠀⠀⠀⠀⠀,"['#함덕맛집', '#제주함덕맛집', '#함덕해수욕장', '#함덕서우봉해변', '#함덕해수욕장맛집', '#함덕흑돼지', '#함덕흑돼지맛집', '#함덕밥집', '#함덕술집', '#함덕맛집추천', '#함덕핫플레이스', '#제주도맛집', '#중문맛집😎🤣⠀⠀🤣😁😎😋⠀⠀⠀😎😎🤣⠀⠀⠀⠀⠀⠀⠀⠀⠀⠀⠀⠀⠀⠀⠀⠀⠀⠀⠀⠀⠀⠀⠀⠀⠀⠀⠀⠀⠀⠀⠀⠀⠀⠀⠀⠀⠀⠀⠀⠀⠀⠀⠀⠀⠀⠀⠀⠀⠀⠀⠀⠀⠀⠀⠀⠀⠀⠀⠀⠀⠀⠀⠀⠀⠀⠀⠀⠀⠀⠀⠀⠀⠀⠀⠀⠀⠀⠀⠀⠀⠀⠀⠀⠀⠀⠀⠀⠀⠀⠀⠀⠀⠀⠀⠀']",2021-08-19,0,
흑돼지는 함덕 뱃도새기흑돼지+전복+딱새우+키조개관자+가리비+버섯‼스페셜로먹으면 더좋다구💘제주도가서 여기 안가면 손해⠀@@메모해 흑돼지는 뱃도새기👏🏻👏🏻⠀⠀⠀📍제주 제주시 조천읍 함와로 7 뱃도새기📍12:00 - 23:00⠀⠀#함덕맛집 #제주함덕맛집 #함덕해수욕장 #함덕서우봉해변 #함덕해수욕장맛집 #함덕흑돼지 #함덕흑돼지맛집 #함덕밥집 #함덕술집 #함덕맛집추천 #함덕핫플레이스 ⠀⠀#제주도맛집 #중문맛집⠀😁😁🤣😍⠀⠀😋🤣😁🤣⠀⠀⠀⠀⠀⠀⠀⠀⠀⠀⠀⠀⠀⠀⠀⠀⠀⠀⠀⠀⠀⠀⠀⠀⠀⠀⠀⠀⠀⠀⠀⠀⠀⠀⠀⠀⠀⠀⠀⠀⠀⠀⠀⠀⠀⠀⠀⠀⠀⠀⠀⠀⠀⠀⠀⠀⠀⠀⠀⠀⠀⠀⠀⠀⠀⠀⠀⠀⠀⠀⠀⠀⠀⠀⠀⠀⠀⠀⠀⠀⠀⠀⠀⠀⠀⠀⠀⠀⠀⠀⠀⠀⠀⠀⠀⠀⠀,"['#함덕맛집', '#제주함덕맛집', '#함덕해수욕장', '#함덕서우봉해변', '#함덕해수욕장맛집', '#함덕흑돼지', '#함덕흑돼지맛집', '#함덕밥집', '#함덕술집', '#함덕맛집추천', '#함덕핫플레이스', '#제주도맛집', '#중문맛집⠀😁😁🤣😍⠀⠀😋🤣😁🤣⠀⠀⠀⠀⠀⠀⠀⠀⠀⠀⠀⠀⠀⠀⠀⠀⠀⠀⠀⠀⠀⠀⠀⠀⠀⠀⠀⠀⠀⠀⠀⠀⠀⠀⠀⠀⠀⠀⠀⠀⠀⠀⠀⠀⠀⠀⠀⠀⠀⠀⠀⠀⠀⠀⠀⠀⠀⠀⠀⠀⠀⠀⠀⠀⠀⠀⠀⠀⠀⠀⠀⠀⠀⠀⠀⠀⠀⠀⠀⠀⠀⠀⠀⠀⠀⠀⠀⠀⠀⠀⠀⠀⠀⠀⠀⠀⠀']",2021-08-19,0,
💘인생흑돼지 찾음💓흑돼지+전복+딱새우+키조개관자+가리비+버섯미쳤다 다같이 굽자‼비주얼부터 완벽한거 머선129🤭갓성비 미친다 육즙퐝퐝 흑돼지는 말모말모딱새우회도 있으니 얼마나 좋게요?⠀@@나만알고싶은 맛집임🥰⠀📍제주 제주시 조천읍 함와로 7 뱃도새기📍12:00 - 23:00⠀⠀#함덕맛집 #제주함덕맛집 #함덕해수욕장 #함덕서우봉해변 #함덕해수욕장맛집 #함덕흑돼지 #함덕흑돼지맛집 #함덕밥집 #함덕술집 #함덕맛집추천 #함덕핫플레이스 ⠀⠀⠀#제주도맛집 #중문맛집😁⠀😋😁😎😎😋⠀⠀⠀😁🤣😍⠀⠀⠀⠀⠀⠀⠀⠀⠀⠀⠀⠀⠀⠀⠀⠀⠀⠀⠀⠀⠀⠀⠀⠀⠀⠀⠀⠀⠀⠀⠀⠀⠀⠀⠀⠀⠀⠀⠀⠀⠀⠀⠀⠀⠀⠀⠀⠀⠀⠀⠀⠀⠀⠀⠀⠀⠀⠀⠀⠀⠀⠀⠀⠀⠀⠀⠀⠀⠀⠀⠀⠀⠀⠀⠀⠀⠀⠀⠀⠀⠀⠀⠀⠀⠀⠀⠀⠀⠀⠀⠀⠀⠀⠀⠀⠀⠀⠀⠀⠀,"['#함덕맛집', '#제주함덕맛집', '#함덕해수욕장', '#함덕서우봉해변', '#함덕해수욕장맛집', '#함덕흑돼지', '#함덕흑돼지맛집', '#함덕밥집', '#함덕술집', '#함덕맛집추천', '#함덕핫플레이스', '#제주도맛집', '#중문맛집😁⠀😋😁😎😎😋⠀⠀⠀😁🤣😍⠀⠀⠀⠀⠀⠀⠀⠀⠀⠀⠀⠀⠀⠀⠀⠀⠀⠀⠀⠀⠀⠀⠀⠀⠀⠀⠀⠀⠀⠀⠀⠀⠀⠀⠀⠀⠀⠀⠀⠀⠀⠀⠀⠀⠀⠀⠀⠀⠀⠀⠀⠀⠀⠀⠀⠀⠀⠀⠀⠀⠀⠀⠀⠀⠀⠀⠀⠀⠀⠀⠀⠀⠀⠀⠀⠀⠀⠀⠀⠀⠀⠀⠀⠀⠀⠀⠀⠀⠀⠀⠀⠀⠀⠀⠀⠀⠀⠀⠀⠀']",2021-08-19,0,
흑돼지는 함덕 뱃도새기흑돼지+전복+딱새우+키조개관자+가리비+버섯‼스페셜로먹으면 더좋다구💘제주도가서 여기 안가면 손해⠀@@메모해 흑돼지는 뱃도새기👏🏻👏🏻⠀⠀⠀📍제주 제주시 조천읍 함와로 7 뱃도새기📍12:00 - 23:00⠀⠀#함덕맛집 #제주함덕맛집 #함덕해수욕장 #함덕서우봉해변 #함덕해수욕장맛집 #함덕흑돼지 #함덕흑돼지맛집 #함덕밥집 #함덕술집 #함덕맛집추천 #함덕핫플레이스⠀#제주도맛집 #중문맛집⠀⠀⠀⠀😁🤣😍😋🤣⠀⠀⠀⠀😎😁⠀⠀⠀⠀⠀⠀⠀⠀⠀⠀⠀⠀⠀⠀⠀⠀⠀⠀⠀⠀⠀⠀⠀⠀⠀⠀⠀⠀⠀⠀⠀⠀⠀⠀⠀⠀⠀⠀⠀⠀⠀⠀⠀⠀⠀⠀⠀⠀⠀⠀⠀⠀⠀⠀⠀⠀⠀⠀⠀⠀⠀⠀⠀⠀⠀⠀⠀⠀⠀⠀⠀⠀⠀⠀⠀⠀⠀⠀⠀⠀⠀⠀⠀⠀⠀⠀⠀⠀⠀⠀⠀⠀⠀⠀⠀⠀⠀⠀⠀⠀⠀⠀⠀⠀⠀⠀⠀⠀⠀⠀,"['#함덕맛집', '#제주함덕맛집', '#함덕해수욕장', '#함덕서우봉해변', '#함덕해수욕장맛집', '#함덕흑돼지', '#함덕흑돼지맛집', '#함덕밥집', '#함덕술집', '#함덕맛집추천', '#함덕핫플레이스⠀', '#제주도맛집', '#중문맛집⠀⠀⠀⠀😁🤣😍😋🤣⠀⠀⠀⠀😎😁⠀⠀⠀⠀⠀⠀⠀⠀⠀⠀⠀⠀⠀⠀⠀⠀⠀⠀⠀⠀⠀⠀⠀⠀⠀⠀⠀⠀⠀⠀⠀⠀⠀⠀⠀⠀⠀⠀⠀⠀⠀⠀⠀⠀⠀⠀⠀⠀⠀⠀⠀⠀⠀⠀⠀⠀⠀⠀⠀⠀⠀⠀⠀⠀⠀⠀⠀⠀⠀⠀⠀⠀⠀⠀⠀⠀⠀⠀⠀⠀⠀⠀⠀⠀⠀⠀⠀⠀⠀⠀⠀⠀⠀⠀⠀⠀⠀⠀⠀⠀⠀⠀⠀⠀⠀⠀⠀⠀⠀⠀']",2021-08-19,0,
친구들과 같이 파티 기분낸 클럽 픽미!!#픽미펍클럽...#제주도클럽#제주클럽#월정리클럽#제주도술집#제주술집#월정리술집#제주도술집#제주도펍#제주펍#월정리펍#월정리맛집#제주월정리맛집#제주도맛집#제주맛집#성산일출봉맛집#서귀포맛집#제주가볼만한곳#제주도술집픽미펍클럽,"['#픽미펍클럽...', '#제주도클럽', '#제주클럽', '#월정리클럽', '#제주도술집', '#제주술집', '#월정리술집', '#제주도술집', '#제주도펍', '#제주펍', '#월정리펍', '#월정리맛집', '#제주월정리맛집', '#제주도맛집', '#제주맛집', '#성산일출봉맛집', '#서귀포맛집', '#제주가볼만한곳', '#제주도술집픽미펍클럽']",2021-08-19,0,
제주도 모살물 횟집전화문의 : 064-713-0300국내맛집 - 제주시 연동 - 모살물#넘버원코리아 #모살물 #제주도맛집 #국내맛집 #제주공항맛집 #제주맛집 #인생맛집 #고등어회 #현지인맛집 #객주리회 #객주리조림 #줄서는맛집 #착한가격 #데이트추천 #맛집정보 #데이트코스 #모듬회 #제주도민횟집 #생각나는맛집 #여행정보 #제주도여행 #국내여행,"['#넘버원코리아', '#모살물', '#제주도맛집', '#국내맛집', '#제주공항맛집', '#제주맛집', '#인생맛집', '#고등어회', '#현지인맛집', '#객주리회', '#객주리조림', '#줄서는맛집', '#착한가격', '#데이트추천', '#맛집정보', '#데이트코스', '#모듬회', '#제주도민횟집', '#생각나는맛집', '#여행정보', '#제주도여행', '#국내여행']",2021-08-19,0,
제주여행 2일차오늘은 #제주분식 에서 아침먹고 시작!돔베가 올라간 라면이랑 모듬분식 모당모당까지 클리어~~-----#제주맛집#제주도맛집#제주공항맛집#제주도공항근처맛집#연동제주분식#제주노형동맛집#신제주맛집#연동맛집#제주분식맛집#제주도맛집추천,"['#제주분식', '#제주맛집', '#제주도맛집', '#제주공항맛집', '#제주도공항근처맛집', '#연동제주분식', '#제주노형동맛집', '#신제주맛집', '#연동맛집', '#제주분식맛집', '#제주도맛집추천']",2021-08-19,0,
"#바다를본돼지오늘 제가 소개해드릴 맛집은 흑돼지전문점입니다뷰 좋은 고기집을 찾다 가게된 맛집인데요역시 음식을 먹을때에는 뷰가 좋은 곳에서 먹어야 더 맛있는것 같아요그렇게 한경면 바다가 보이는 쪽을 바라보며 흑돼지2인분을 시켜서 먹었습니다역시 제주도 흑돼지는 어딜가나 극찬입니다부드럽고 담백함에, 쫄깃함과 적당한 두께감과 육즙은 고기중에서 최고네요다음에 또 바다바라보며 고기 먹고 싶을때 오고 싶은 맛집이예요바다를 바라본 돼지 간판 이름도 재미있네요My evaluation.🙋🏻‍♂️Favor-10/10Vibe-9.8/10Service-8.7/10",['#바다를본돼지오늘'],2021-08-19,2,
#카페더라이트 뷰가 오졌다리~#제주도맛집#제주맛집#성산일출봉카페#제주성산카페#제주도카페#제주카페#제주도카페더라이트#제주카페추천#성산일출봉맛집#라이트스윙#lightswing#섭지코지카페#섭지코지맛집#서귀포카페,"['#카페더라이트', '#제주도맛집', '#제주맛집', '#성산일출봉카페', '#제주성산카페', '#제주도카페', '#제주카페', '#제주도카페더라이트', '#제주카페추천', '#성산일출봉맛집', '#라이트스윙', '#lightswing', '#섭지코지카페', '#섭지코지맛집', '#서귀포카페']",2021-08-19,0,
애월 로드129성게크림파스타흑돼지 멘치카츠흑돼지 치즈돈까스흑돼지 고구마치즈돈까스흑돼지 수제돈까스해물야끼소바재료소진시 조기마감전메뉴 포장가능#애월맛집#제주맛집#애월읍맛집#애월항맛집#제주애월점심#애월맛집추천#제주애월맛집#애월점심추천#애월밥집#제주현지인맛집#제주도민추천맛집#제주도현지인맛집#도민맛집#제주혼밥#제주시맛집#제주도맛집#금능맛집#한림맛집#협재맛집#협재해수욕장맛집#곽지해수욕장맛집#더럭분교맛집#애월해안도로#제주서쪽맛집#애월데이트코스#새별오름#애월카페#제주데이트코스,"['#애월맛집', '#제주맛집', '#애월읍맛집', '#애월항맛집', '#제주애월점심', '#애월맛집추천', '#제주애월맛집', '#애월점심추천', '#애월밥집', '#제주현지인맛집', '#제주도민추천맛집', '#제주도현지인맛집', '#도민맛집', '#제주혼밥', '#제주시맛집', '#제주도맛집', '#금능맛집', '#한림맛집', '#협재맛집', '#협재해수욕장맛집', '#곽지해수욕장맛집', '#더럭분교맛집', '#애월해안도로', '#제주서쪽맛집', '#애월데이트코스', '#새별오름', '#애월카페', '#제주데이트코스']",2021-08-19,0,
.제주 핫플레이스 콧수염 카페 😊여심 저격 피크닉월정 바다가 한눈에 들어오는 야외 테라스옥상 빈백 정원바다 뷰와 편안한 빈백 소파까지 준비되어 있어요 ☕️🧺🐕제주시 구좌읍 해맞이해안로 406 카페콧수염070-4131-8880매일 모든 메뉴 sold-out 되므로 선착순 판매합니다.예쁜 사진 남겨주셔서 감사합니다 🌷#제주도마카롱 #월정리맛집 #함덕해수욕장 #제주마카롱맛집 #월정리카페콧수염 #제주도민맛집 #제주도맛집 #제주카페추천 #월정리카페거리 #월정리 #구좌읍맛집 #제주도 #제주시카페 #제주카페 #제주도선물 #서귀포카페 #제주도카페 #성산맛집 #월정리해변 #월정리콧수염 #제주도여행 #제주맛집 #공항근처맛집 #제주피크닉 #제주여행 #서귀포맛집 #월정리카페 #제주월정리 #제주월정리카페 #제주,"['#제주도마카롱', '#월정리맛집', '#함덕해수욕장', '#제주마카롱맛집', '#월정리카페콧수염', '#제주도민맛집', '#제주도맛집', '#제주카페추천', '#월정리카페거리', '#월정리', '#구좌읍맛집', '#제주도', '#제주시카페', '#제주카페', '#제주도선물', '#서귀포카페', '#제주도카페', '#성산맛집', '#월정리해변', '#월정리콧수염', '#제주도여행', '#제주맛집', '#공항근처맛집', '#제주피크닉', '#제주여행', '#서귀포맛집', '#월정리카페', '#제주월정리', '#제주월정리카페', '#제주']",2021-08-19,1,
⁣#제주여행 02⁣⁣첫날 저녁은 제주 동문시장에서 이것저것 구매⁣⁣1. 족발⁣2. 초면(볶음면)⁣3. 김밥(통새우김밥)⁣⁣젤 맛났던게 불쇼 🔥 대박인 `초면`⁣불향도 기가맥히구 자극적인 맛인데다가⁣면이 불지도 않아서 술술 😋⁣⁣근데 아직 야시장에 있으려나?⁣워낙 매장이 자주 바뀌는게 이곳이니 🥲⁣⁣👉🏻 초면 불쇼 피드 박제 😝⁣,['#제주여행'],2021-08-19,33,
케이스주문은 프로필링크 클릭!,[],2021-08-19,3,
케이스주문은 프로필링크 클릭!,[],2021-08-19,4,
케이스주문은 프로필링크 클릭!,[],2021-08-19,4,
케이스주문은 프로필링크 클릭!,[],2021-08-19,2,
케이스주문은 프로필링크 클릭!,[],2021-08-19,2,
케이스주문은 프로필링크 클릭!,[],2021-08-19,3,
케이스주문은 프로필링크 클릭!,[],2021-08-19,3,
케이스주문은 프로필링크 클릭!,[],2021-08-19,3,
케이스주문은 프로필링크 클릭!,[],2021-08-19,3,
케이스주문은 프로필링크 클릭!,[],2021-08-19,3,
힐링 스팟👀,[],2021-08-19,13,
Cream latte with lots of cinnamon 😋.#카페메이비 #서귀포카페............#제주도카페 #이중섭거리 #제주여행 #카페 #와인 #서귀포술집 #서귀포와인바 #서귀포핫플 #jeju #seogwipo #jejudo #bar #cafe #wine #제주도와인 #서귀포와인 #서귀포추천 #제주도와인바 #제주도맛집 #와인추천 #서귀포맛집추천 #서귀포브런치 #제주도민 #제주일상,"['#카페메이비', '#서귀포카페............', '#제주도카페', '#이중섭거리', '#제주여행', '#카페', '#와인', '#서귀포술집', '#서귀포와인바', '#서귀포핫플', '#jeju', '#seogwipo', '#jejudo', '#bar', '#cafe', '#wine', '#제주도와인', '#서귀포와인', '#서귀포추천', '#제주도와인바', '#제주도맛집', '#와인추천', '#서귀포맛집추천', '#서귀포브런치', '#제주도민', '#제주일상']",2021-08-19,14,
".네, 다운타우너에요강남에도 있지만 그냥 먹으러와봣어요.옆집 도넛은 왜케 줄이길죠회사에서 시켜먹었던 기억이 있는데크리스핏도넛이 더 맛있어요 ㅜ ㅜ.#다운타우너제주 #제주 #제주맛집 #제주도 #제주도맛집 #다운타우너 #다운타우너햄버거 #수제버거 #햄버거 #애월맛집 #애월수제버거 #애월버거 #먹방 #먹스타그램 #맛스타그램 #맞팔 #선팔 #소통 #제주도여행 #제주여행","['#다운타우너제주', '#제주', '#제주맛집', '#제주도', '#제주도맛집', '#다운타우너', '#다운타우너햄버거', '#수제버거', '#햄버거', '#애월맛집', '#애월수제버거', '#애월버거', '#먹방', '#먹스타그램', '#맛스타그램', '#맞팔', '#선팔', '#소통', '#제주도여행', '#제주여행']",2021-08-19,11,
제주도 김복남맥주 안주는 가성비 너무 맛있ㄷ ㅑ...♨️김복남맥주 & 커피피스 두가게가 함께 운영되고있습니다!인스타보고 찾아와주시면 아메리카노1잔서비스 💜👀💜#제주서귀포점#김복남맥주#1인컵비어#제주도맛집#법환동김복남맥주#제주도#재주김복남맥주#법환동술집#제주도법환동술집#커피피스옆김복남맥주,"['#제주서귀포점', '#김복남맥주', '#1인컵비어', '#제주도맛집', '#법환동김복남맥주', '#제주도', '#재주김복남맥주', '#법환동술집', '#제주도법환동술집', '#커피피스옆김복남맥주']",2021-08-19,6,
"금능상회는 매일아침 80인분 육수,해물을 준비합니다🙏항상 신선한재료를 위해 당일판매 할 만큼만 준비해요!주소 : 제주시 한림읍 금능5길 21 2층🌴시간 : am11시~pm8시 🙏마지막주문7시까지(연중무휴/재료소진시 조기마감)문의 : 010.3407.1048☎️*주차는 가게앞 가능하며, 바로맞은편 넓은 무료주차장도 있어요#금능상회#해물라면#금능맛집#협재맛집#금능해수욕장#금능해변#금능맛집추천#협재해수욕장#협재해변#애월맛집#애월카페#제주맛집#감성맛집#곽지해수욕장#곽지맛집#해물라면맛집#판포맛집#금능상회#금능맛집추천#금능맛집#금능해물라면#금능해수욕장#협재맛집#협재해물라면#협재해수욕장#한림맛집#협재해변맛집#해물라면#전복덮밥#애월해물라면#제주도맛집#한림가볼만한곳","['#금능상회', '#해물라면', '#금능맛집', '#협재맛집', '#금능해수욕장', '#금능해변', '#금능맛집추천', '#협재해수욕장', '#협재해변', '#애월맛집', '#애월카페', '#제주맛집', '#감성맛집', '#곽지해수욕장', '#곽지맛집', '#해물라면맛집', '#판포맛집', '#금능상회', '#금능맛집추천', '#금능맛집', '#금능해물라면', '#금능해수욕장', '#협재맛집', '#협재해물라면', '#협재해수욕장', '#한림맛집', '#협재해변맛집', '#해물라면', '#전복덮밥', '#애월해물라면', '#제주도맛집', '#한림가볼만한곳']",2021-08-19,1,
"금능상회는 매일아침 80인분 육수,해물을 준비합니다🙏항상 신선한재료를 위해 당일판매 할 만큼만 준비해요!주소 : 제주시 한림읍 금능5길 21 2층🌴시간 : am11시~pm8시 🙏마지막주문7시까지(연중무휴/재료소진시 조기마감)문의 : 010.3407.1048☎️*주차는 가게앞 가능하며, 바로맞은편 넓은 무료주차장도 있어요#금능상회#해물라면#금능맛집#협재맛집#금능해수욕장#금능해변#금능맛집추천#협재해수욕장#협재해변#애월맛집#애월카페#제주맛집#감성맛집#곽지해수욕장#곽지맛집#해물라면맛집#판포맛집#금능상회#금능맛집추천#금능맛집#금능해물라면#금능해수욕장#협재맛집#협재해물라면#협재해수욕장#한림맛집#협재해변맛집#해물라면#전복덮밥#애월해물라면#제주도맛집#한림가볼만한곳","['#금능상회', '#해물라면', '#금능맛집', '#협재맛집', '#금능해수욕장', '#금능해변', '#금능맛집추천', '#협재해수욕장', '#협재해변', '#애월맛집', '#애월카페', '#제주맛집', '#감성맛집', '#곽지해수욕장', '#곽지맛집', '#해물라면맛집', '#판포맛집', '#금능상회', '#금능맛집추천', '#금능맛집', '#금능해물라면', '#금능해수욕장', '#협재맛집', '#협재해물라면', '#협재해수욕장', '#한림맛집', '#협재해변맛집', '#해물라면', '#전복덮밥', '#애월해물라면', '#제주도맛집', '#한림가볼만한곳']",2021-08-19,1,
